code,date,open,high,low,close,quote volume,volume
600760,2020/1/2,22.4241,22.7126,22.1919,22.3748,"8,138,775","259,471,132"
600760,2020/1/3,22.4311,23.177,22.2623,23.0503,"16,751,728","543,653,168"
600760,2020/1/6,23.5217,24.0635,23.1981,23.3247,"17,125,229","572,508,496"
600760,2020/1/7,23.2332,23.6062,22.9377,23.3388,"8,738,074","290,171,120"
600760,2020/1/8,23.9369,24.0424,23.1699,23.5851,"15,494,704","521,662,368"
600760,2020/1/9,22.9377,23.0081,22.593,22.797,"10,090,357","327,110,464"
600760,2020/1/10,22.7266,22.9237,22.1638,22.4945,"12,117,895","387,043,568"
600760,2020/1/13,22.7266,22.7266,22.2482,22.4593,"5,772,752","183,675,848"
600760,2020/1/14,22.4593,22.6141,22.023,22.0653,"8,325,283","263,459,006"
600760,2020/1/15,22.0512,22.1075,21.5516,21.6712,"9,487,001","293,110,784"
600760,2020/1/16,21.7275,22.0301,21.4742,21.5164,"9,030,288","278,726,480"
600760,2020/1/17,21.5305,21.7275,21.3476,21.6079,"6,717,747","206,071,177"
600760,2020/1/20,21.5938,22.023,21.5305,21.8753,"7,497,165","232,202,943"
600760,2020/1/21,21.8823,21.8823,21.0239,21.1365,"12,703,562","384,503,584"
600760,2020/1/22,21.1083,21.1646,20.6369,21.038,"7,141,440","212,040,410"
600760,2020/1/23,20.7565,21.2491,20.264,20.4047,"9,004,640","264,443,576"
600760,2020/2/3,18.3643,18.512,18.3643,18.3643,"10,939,545","285,728,368"
600760,2020/2/4,17.5903,18.7583,17.5903,18.6598,"14,098,231","369,324,944"
600760,2020/2/5,18.6527,19.5041,18.6176,18.8146,"13,573,861","366,785,648"
600760,2020/2/6,18.892,19.293,18.6527,19.1804,"11,456,514","310,263,648"
600760,2020/2/7,19.1734,19.3141,18.9131,19.279,"11,485,942","311,504,272"
600760,2020/2/10,19.2086,19.5674,19.103,19.5604,"11,328,253","310,718,592"
600760,2020/2/11,19.6308,19.6659,19.2438,19.2578,"10,676,772","293,870,944"
600760,2020/2/12,19.2578,19.2649,18.9975,19.2227,"12,243,611","332,914,464"
600760,2020/2/13,19.3141,19.4197,18.8709,18.9271,"13,996,248","380,130,112"
600760,2020/2/14,18.906,19.096,18.7935,18.9553,"10,093,229","271,730,672"
600760,2020/2/17,19.1382,20.8128,19.1382,20.7354,"28,683,395","817,908,784"
600760,2020/2/18,20.9676,21.0732,20.0529,20.2781,"26,491,341","770,383,648"
600760,2020/2/19,20.0177,20.6721,19.7715,20.1655,"20,227,318","582,278,176"
600760,2020/2/20,20.2007,20.3907,19.8418,20.3203,"16,245,758","464,599,072"
600760,2020/2/21,20.3414,20.651,20.1936,20.6228,"20,823,412","604,601,840"
600760,2020/2/24,20.6158,21.0943,20.3344,20.9817,"20,727,483","609,387,536"
600760,2020/2/25,20.5455,20.7284,19.8489,20.4118,"18,589,784","538,665,072"
600760,2020/2/26,20.1233,21.0661,19.9263,20.5595,"23,905,708","701,877,872"
600760,2020/2/27,20.6158,20.9676,20.074,20.4469,"16,371,601","477,290,176"
600760,2020/2/28,19.877,20.1796,19.1734,19.5604,"20,215,747","565,080,160"
600760,2020/3/2,19.6167,20.2288,19.3986,20.0248,"13,945,611","394,652,704"
600760,2020/3/3,20.2288,20.9113,20.1162,20.3555,"19,912,497","581,440,064"
600760,2020/3/4,20.2007,20.7495,20.1303,20.5525,"12,463,744","362,906,704"
600760,2020/3/5,20.7073,20.8128,20.4047,20.5736,"14,171,188","414,011,696"
600760,2020/3/6,20.2781,20.6017,20.2781,20.3484,"9,858,413","286,112,640"
600760,2020/3/9,20.067,20.1655,19.286,19.4126,"16,268,351","454,572,080"
600760,2020/3/10,19.1734,19.8629,19.0468,19.8629,"11,040,815","305,920,464"
600760,2020/3/11,20.658,21.8471,20.5666,21.8471,"58,284,407","1,785,804,656"
600760,2020/3/12,21.3194,22.3748,21.0309,21.622,"44,005,953","1,357,005,808"
600760,2020/3/13,21.1083,22.1497,20.6158,21.629,"30,843,033","944,903,360"
600760,2020/3/16,21.7346,22.1497,20.7847,20.8902,"24,454,036","748,593,936"
600760,2020/3/17,21.1083,21.4953,19.4971,19.9896,"22,498,691","647,109,728"
600760,2020/3/18,20.1866,20.2922,19.1171,19.1171,"21,939,097","617,506,096"
600760,2020/3/19,19.103,19.4056,18.7161,19.279,"14,458,500","392,975,552"
600760,2020/3/20,19.49,19.5182,18.9834,19.2016,"12,528,029","342,240,512"
600760,2020/3/23,18.6457,19.103,18.6246,18.7161,"10,107,089","271,381,728"
600760,2020/3/24,19.0819,19.3282,18.4628,19.3212,"13,242,978","357,124,864"
600760,2020/3/25,19.49,19.5463,19.2297,19.5252,"10,429,080","287,735,760"
600760,2020/3/26,19.3563,19.6378,19.2438,19.3915,"7,016,310","193,493,125"
600760,2020/3/27,19.5674,19.9826,19.4408,19.687,"9,722,822","272,089,200"
600760,2020/3/30,19.49,20.7565,19.4197,20.3695,"16,843,469","481,257,584"
600760,2020/3/31,20.3484,20.5103,19.9896,20.1444,"10,737,081","308,490,304"
600760,2020/4/1,20.0529,20.1655,19.5745,19.6096,"9,359,364","263,838,009"
600760,2020/4/2,19.4971,19.9122,19.4971,19.8911,"5,804,052","163,197,081"
600760,2020/4/3,19.8418,20.2992,19.7926,19.9403,"6,742,608","192,078,370"
600760,2020/4/7,20.2499,21.1787,20.1585,21.1646,"19,590,216","576,570,080"
600760,2020/4/8,20.8832,21.7416,20.8269,21.5305,"18,800,339","570,509,248"
600760,2020/4/9,21.6642,22.0019,21.3968,21.812,"17,178,815","531,033,120"
600760,2020/4/10,21.812,22.2763,21.6712,22.0582,"18,538,589","578,288,880"
600760,2020/4/13,21.8823,22.41,21.5235,22.009,"12,565,264","391,920,176"
600760,2020/4/14,22.0582,22.2552,21.812,22.1638,"11,499,730","360,316,704"
600760,2020/4/15,22.2974,22.41,21.6712,22.016,"11,258,795","353,677,104"
600760,2020/4/16,21.8331,24.1128,21.812,23.3247,"31,038,716","1,022,175,584"
600760,2020/4/17,23.1066,23.2544,21.826,21.8823,"25,746,403","822,631,536"
600760,2020/4/20,21.8964,22.1708,21.636,22.0301,"13,727,419","428,102,352"
600760,2020/4/21,21.8471,22.4945,21.8331,22.0793,"13,236,357","415,851,104"
600760,2020/4/22,21.9527,22.2693,21.5798,22.0793,"8,245,692","257,371,870"
600760,2020/4/23,21.9738,22.6211,21.812,22.1567,"13,415,555","424,633,328"
600760,2020/4/24,22.1638,22.3256,21.6431,22.0301,"11,638,268","363,031,744"
600760,2020/4/27,22.3748,22.8674,22.0371,22.3186,"22,657,282","722,743,600"
600760,2020/4/28,22.3397,23.3951,21.8331,23.184,"25,455,022","826,438,944"
600760,2020/4/29,22.9729,23.6413,22.9237,23.4865,"16,413,693","544,720,480"
600760,2020/4/30,23.3599,24.0072,23.2332,23.5639,"16,819,732","567,491,392"
600760,2020/5/6,23.5428,24.6686,23.5428,24.4857,"18,758,664","646,096,624"
600760,2020/5/7,24.4223,24.4927,23.9439,24.2042,"10,974,529","378,451,056"
600760,2020/5/8,24.2887,24.5912,24.0635,24.169,"11,898,220","411,315,088"
600760,2020/5/11,24.3661,25.0415,24.2816,24.556,"12,898,988","452,147,344"
600760,2020/5/12,24.6053,24.8234,24.155,24.4505,"9,889,977","343,393,696"
600760,2020/5/13,24.2605,24.6968,24.1902,24.6194,"7,935,847","276,529,488"
600760,2020/5/14,24.5912,24.8727,24.2535,24.7108,"9,261,989","323,483,568"
600760,2020/5/15,24.6264,24.6968,24.1198,24.3801,"10,391,270","359,986,640"
600760,2020/5/18,24.3801,25.4215,24.3098,25.0486,"16,535,889","590,630,976"
600760,2020/5/19,25.0486,25.2948,24.8023,25.2667,"9,713,855","345,723,712"
600760,2020/5/20,25.1611,25.3722,23.7117,24.0213,"20,577,919","712,125,824"
600760,2020/5/21,24.0565,24.345,23.8172,23.9369,"12,403,253","424,086,848"
600760,2020/5/22,23.8524,24.0987,23.0292,23.0714,"11,966,954","399,354,896"
600760,2020/5/25,23.1629,23.571,23.0011,23.1981,"8,490,796","281,308,080"
600760,2020/5/26,23.3388,23.4232,23.0785,23.3388,"7,411,775","245,110,733"
600760,2020/5/27,23.2262,23.5077,23.1207,23.2473,"7,418,077","245,483,178"
600760,2020/5/28,23.2755,23.4021,22.8252,23.4021,"9,462,999","311,435,552"
600760,2020/5/29,23.4021,23.6413,23.191,23.6413,"8,024,650","267,149,583"
600760,2020/6/1,23.4303,24.0283,23.2403,23.9298,"11,725,004","395,822,400"
600760,2020/6/2,23.8454,24.2324,23.6413,23.6906,"7,478,605","253,901,793"
600760,2020/6/3,23.6976,23.8454,23.2684,23.4373,"8,314,608","278,369,952"
600760,2020/6/4,23.5006,23.5499,22.9377,22.9799,"9,816,228","323,289,072"
600760,2020/6/5,22.9799,23.1136,22.7407,22.9096,"4,810,723","156,534,255"
600760,2020/6/8,23.0151,23.5217,22.5859,23.1981,"11,378,745","373,264,704"
600760,2020/6/9,23.2192,23.2825,22.6563,23.0503,"8,684,534","283,424,208"
600760,2020/6/10,23.0011,23.1629,22.6563,22.9659,"7,998,145","259,976,246"
600760,2020/6/11,22.9729,23.0714,22.6563,22.8111,"7,007,788","228,137,892"
600760,2020/6/12,22.5789,22.9729,22.4171,22.9729,"7,937,771","256,925,286"
600760,2020/6/15,22.9307,22.9307,22.4311,22.4311,"7,563,911","243,532,246"
600760,2020/6/16,22.5226,22.9096,22.5226,22.797,"8,024,944","259,387,513"
600760,2020/6/17,23.184,23.7539,22.9377,23.5077,"17,568,658","584,951,024"
600760,2020/6/18,23.2262,23.2544,22.5085,22.7126,"14,407,207","465,470,144"
600760,2020/6/19,22.655,22.7398,22.5348,22.7256,"8,142,118","260,707,181"
600760,2020/6/22,22.7186,22.867,22.6196,22.8458,"8,271,998","266,346,736"
600760,2020/6/23,22.8175,23.1215,22.6196,23.1144,"8,718,955","282,134,192"
600760,2020/6/24,23.1144,23.1144,22.7256,22.7963,"7,041,307","227,804,480"
600760,2020/6/29,22.6903,23.2911,22.556,23.0649,"9,307,129","302,709,152"
600760,2020/6/30,23.1073,23.2911,22.9589,23.1992,"8,477,488","277,698,480"
600760,2020/7/1,23.3265,23.892,23.1144,23.892,"15,726,575","522,264,576"
600760,2020/7/2,23.9273,23.9273,23.6375,23.7435,"12,988,644","436,400,720"
600760,2020/7/3,23.8778,25.341,23.7859,24.8957,"25,846,467","903,664,320"
600760,2020/7/6,25.3764,27.3839,25.3764,27.3839,"28,138,099","1,075,764,128"
600760,2020/7/7,28.7693,30.1194,28.423,30.1194,"25,667,441","1,066,718,304"
600760,2020/7/8,31.625,33.1307,31.2433,33.1307,"27,090,077","1,247,938,704"
600760,2020/7/9,36.4458,36.4458,36.4458,36.4458,"3,021,109","155,768,380"
600760,2020/7/10,40.0933,40.0933,40.0933,40.0933,"8,391,490","475,965,312"
600760,2020/7/13,38.8775,42.3269,36.1772,41.3515,"79,636,567","4,369,316,864"
600760,2020/7/14,40.2912,45.4866,39.9448,41.7332,"74,467,491","4,464,470,528"
600760,2020/7/15,42.2068,43.8396,38.6654,40.4962,"59,840,479","3,543,923,232"
600760,2020/7/16,39.2662,41.7261,36.6014,38.213,"53,942,422","3,022,328,368"
600760,2020/7/17,38.524,42.0371,36.8982,42.0371,"55,323,777","3,170,242,176"
600760,2020/7/20,43.6841,46.243,43.5427,46.243,"17,992,156","1,152,175,840"
600760,2020/7/21,49.7631,50.8234,42.8783,43.0055,"75,968,691","4,918,441,984"
600760,2020/7/22,42.4047,45.5149,42.4047,43.6417,"59,506,312","3,714,663,712"
600760,2020/7/23,44.5041,48.0031,42.7581,48.0031,"67,866,270","4,418,942,208"
600760,2020/7/24,49.2189,52.6613,45.9461,46.5116,"79,536,085","5,624,794,880"
600760,2020/7/27,45.317,48.5473,42.1644,46.6176,"52,474,483","3,346,061,616"
600760,2020/7/28,45.522,47.6214,44.2001,45.0625,"34,487,175","2,227,173,632"
600760,2020/7/29,44.5324,46.25,43.6417,45.734,"37,441,027","2,385,796,144"
600760,2020/7/30,45.5856,48.0101,44.2072,46.3349,"42,506,329","2,757,418,944"
600760,2020/7/31,46.0521,46.3349,44.4829,45.1897,"30,118,600","1,928,846,352"
600760,2020/8/3,45.8401,49.438,44.8999,48.6251,"48,370,324","3,268,693,936"
600760,2020/8/4,47.3669,47.6426,45.0978,45.0978,"40,992,077","2,667,293,680"
600760,2020/8/5,44.4475,46.7802,43.8326,45.7694,"33,247,891","2,151,816,688"
600760,2020/8/6,45.5927,50.3498,45.5078,50.3498,"63,596,725","4,405,234,176"
600760,2020/8/7,48.7735,54.7748,47.1195,51.8837,"61,493,100","4,360,990,208"
600760,2020/8/10,50.9365,55.6301,49.127,49.1623,"51,654,670","3,794,724,848"
600760,2020/8/11,47.7839,50.7528,46.8297,47.9253,"34,128,969","2,342,007,552"
600760,2020/8/12,47.3598,49.127,44.9989,46.4126,"32,240,299","2,139,178,496"
600760,2020/8/13,46.6388,47.5012,45.5078,45.8471,"27,108,390","1,788,694,224"
600760,2020/8/14,45.2322,48.2222,44.8151,46.759,"30,366,724","2,010,358,016"
600760,2020/8/17,46.6529,48.6887,45.6633,48.0949,"29,964,713","2,010,054,656"
600760,2020/8/18,47.6143,49.848,47.5719,48.1162,"26,601,178","1,824,536,304"
600760,2020/8/19,47.6355,47.7769,45.3665,45.4725,"25,551,866","1,679,045,392"
600760,2020/8/20,45.2392,45.9319,42.1997,42.3482,"34,742,919","2,137,510,656"
600760,2020/8/21,43.0412,43.6491,42.0375,42.6878,"22,156,288","1,343,558,224"
600760,2020/8/24,43.0836,43.6774,42.1082,42.8574,"13,294,308","804,075,024"
600760,2020/8/25,42.8716,43.0342,40.6803,41.1398,"22,869,956","1,341,673,904"
600760,2020/8/26,41.4225,42.0516,40.2067,40.5319,"14,512,955","841,651,664"
600760,2020/8/27,40.9772,41.3306,40.3622,40.9277,"13,106,465","757,994,512"
600760,2020/8/28,41.1889,42.6238,40.6587,41.4222,"21,544,462","1,261,411,712"
600760,2020/8/31,41.4575,42.949,40.6446,41.7403,"28,170,981","1,671,943,184"
600760,2020/9/1,41.9594,43.2317,41.4999,42.5531,"29,923,881","1,803,831,728"
600760,2020/9/2,42.4825,42.4895,40.3619,40.6446,"24,485,463","1,426,432,736"
600760,2020/9/3,40.2841,40.6093,39.2874,40.2205,"19,219,686","1,082,949,664"
600760,2020/9/4,39.5843,40.8001,39.4854,40.475,"13,589,552","774,247,456"
600760,2020/9/7,40.475,40.475,38.7432,38.9835,"13,298,288","742,999,056"
600760,2020/9/8,38.9835,39.7257,38.5311,39.5985,"10,733,237","594,144,320"
600760,2020/9/9,38.8845,42.3411,38.7856,40.9698,"26,719,948","1,535,708,112"
600760,2020/9/10,40.8567,40.8708,39.0047,39.0471,"15,313,387","866,320,528"
600760,2020/9/11,38.7432,39.3581,37.2941,38.0787,"20,180,317","1,085,987,808"
600760,2020/9/14,38.0787,38.517,37.3648,37.5556,"13,236,383","708,280,080"
600760,2020/9/15,37.6404,38.2413,37.3577,38.107,"11,048,198","591,268,080"
600760,2020/9/16,38.1565,38.319,37.393,37.4779,"8,820,142","470,584,672"
600760,2020/9/17,37.6263,38.2483,36.8629,37.6758,"10,595,304","562,806,944"
600760,2020/9/18,38.0292,39.3369,37.8172,39.2167,"18,519,262","1,019,362,608"
600760,2020/9/21,40.1074,42.8147,40.0791,41.2808,"30,253,872","1,781,996,256"
600760,2020/9/22,40.3336,40.5244,39.245,39.5278,"14,736,820","827,940,512"
600760,2020/9/23,39.2804,39.9236,38.5947,39.6479,"9,665,260","536,201,344"
600760,2020/9/24,39.0259,39.4005,38.0575,38.1777,"9,423,111","514,433,232"
600760,2020/9/25,38.4533,38.934,38.0222,38.0999,"8,024,944","435,344,512"
600760,2020/9/28,38.0292,38.8633,37.7253,38.2413,"7,958,902","431,400,432"
600760,2020/9/29,38.8068,40.8425,38.5876,40.5103,"20,430,617","1,159,214,048"
600760,2020/9/30,40.5739,40.7718,39.6762,40.4962,"11,234,196","640,709,664"
600760,2020/10/9,40.998,41.1677,40.0508,41.1677,"14,176,070","815,592,016"
600760,2020/10/12,41.8816,45.2392,41.3727,43.67,"29,516,175","1,809,232,624"
600760,2020/10/13,43.1186,44.1082,42.7652,44.0093,"13,811,273","847,890,432"
600760,2020/10/14,44.6172,46.7943,44.2637,45.5573,"27,607,382","1,779,336,624"
600760,2020/10/15,45.0554,46.3349,45.0554,45.3453,"16,040,332","1,037,457,312"
600760,2020/10/16,45.2392,45.8047,42.7652,42.949,"17,390,174","1,076,375,712"
600760,2020/10/19,43.4226,43.5781,42.4613,43.154,"11,145,569","681,013,328"
600760,2020/10/20,43.1186,43.3307,41.8746,43.1186,"12,269,374","740,272,624"
600760,2020/10/21,43.0621,43.2317,40.9627,41.3161,"14,020,983","830,250,320"
600760,2020/10/22,41.2101,41.2667,39.7257,41.0334,"9,166,982","525,781,168"
600760,2020/10/23,41.0334,41.4858,39.3793,39.5278,"8,729,740","497,926,864"
600760,2020/10/26,39.5631,40.3407,39.139,40.2841,"7,646,155","431,858,464"
600760,2020/10/27,39.9377,40.7012,39.5914,40.3972,"8,515,869","483,576,416"
600760,2020/10/28,40.475,40.4891,39.2309,40.2629,"8,116,602","457,539,248"
600760,2020/10/29,39.5843,40.0226,39.2662,39.9236,"7,721,999","433,449,024"
600760,2020/10/30,40.6658,41.3515,36.4034,36.6367,"26,223,745","1,428,069,120"
600760,2020/11/2,36.3822,37.3789,35.6966,37.1598,"14,479,260","755,985,952"
600760,2020/11/3,37.1598,38.3402,36.9689,38.0999,"11,278,881","603,007,552"
600760,2020/11/4,38.0858,40.3831,37.6687,39.6479,"16,465,765","909,448,096"
600760,2020/11/5,38.9128,39.5702,38.0009,38.5876,"11,830,927","646,921,920"
600760,2020/11/6,37.8172,38.6301,36.4176,37.075,"14,429,468","759,051,856"
600760,2020/11/9,36.7569,38.1635,36.3822,37.7535,"11,702,798","619,016,064"
600760,2020/11/10,37.6051,37.9656,36.9053,37.0962,"8,157,799","429,624,992"
600760,2020/11/11,36.9689,37.5344,36.05,36.1914,"9,361,296","485,059,392"
600760,2020/11/12,36.2691,37.1386,36.1066,36.5589,"6,342,212","328,386,816"
600760,2020/11/13,36.5589,37.9585,36.2338,37.2022,"13,031,236","685,355,968"
600760,2020/11/16,37.3082,39.0895,37.3082,37.9585,"16,219,166","873,500,560"
600760,2020/11/17,37.8172,37.8172,35.4845,35.9793,"15,690,918","800,964,560"
600760,2020/11/18,36.05,36.5731,35.5411,36.4105,"8,956,352","458,419,936"
600760,2020/11/19,36.05,39.9377,35.7036,39.4217,"28,626,637","1,561,386,368"
600760,2020/11/20,39.4147,40.9839,38.8209,39.6338,"24,906,462","1,401,177,536"
600760,2020/11/23,39.2309,40.3407,38.8775,39.5631,"15,367,450","862,572,272"
600760,2020/11/24,39.4217,40.4962,38.5028,38.7432,"14,264,049","795,731,520"
600760,2020/11/25,38.3827,38.6442,37.3224,37.3577,"10,574,050","566,184,816"
600760,2020/11/26,37.6051,38.6018,36.976,38.2837,"12,910,184","692,977,744"
600760,2020/11/27,38.312,42.1149,38.0646,42.1078,"40,142,818","2,345,954,784"
600760,2020/11/30,42.2704,44.3556,41.1465,42.9278,"40,618,660","2,477,785,152"
600760,2020/12/1,42.9278,45.4371,42.5531,44.3415,"27,788,437","1,737,396,736"
600760,2020/12/2,43.8255,45.5502,43.4721,44.1153,"24,746,237","1,555,092,480"
600760,2020/12/3,43.9669,44.4899,43.5074,44.1789,"13,539,213","842,076,912"
600760,2020/12/4,43.5003,44.7444,42.539,44.3203,"17,765,696","1,098,385,648"
600760,2020/12/7,44.1648,44.6667,43.154,44.3768,"18,404,254","1,147,105,328"
600760,2020/12/8,43.9739,46.1581,43.1964,43.8962,"17,697,262","1,111,861,552"
600760,2020/12/9,43.4014,44.3203,41.196,41.3515,"21,124,908","1,275,498,368"
600760,2020/12/10,41.5847,43.8043,41.3515,43.0409,"18,489,986","1,117,519,248"
600760,2020/12/11,43.0621,43.26,40.998,41.7968,"12,294,437","727,999,840"
600760,2020/12/14,41.6484,45.8047,41.6484,44.7798,"23,668,393","1,490,003,216"
600760,2020/12/15,45.2322,46.9003,44.285,45.6845,"22,533,439","1,460,838,960"
600760,2020/12/16,45.2392,46.1793,44.2637,45.1332,"17,609,017","1,122,375,424"
600760,2020/12/17,44.603,45.0625,43.2459,44.808,"14,152,015","887,277,248"
600760,2020/12/18,44.6242,45.1685,43.5781,43.9174,"13,843,175","869,522,624"
600760,2020/12/21,44.9494,47.6214,44.1789,47.5012,"24,696,175","1,617,757,888"
600760,2020/12/22,47.275,48.512,46.4409,46.4409,"19,592,274","1,316,382,624"
600760,2020/12/23,46.9357,51.085,46.0875,51.085,"31,329,273","2,176,910,288"
600760,2020/12/24,52.1665,55.8492,51.0708,51.6787,"40,392,181","3,055,425,408"
600760,2020/12/25,52.3078,53.248,50.1307,52.732,"23,332,505","1,712,935,184"
600760,2020/12/28,52.6613,54.7819,50.7528,51.7777,"29,328,416","2,163,628,096"
600760,2020/12/29,51.5232,52.3078,49.7631,50.7528,"19,168,691","1,386,238,800"
600760,2020/12/30,50.4205,53.8276,50.3993,52.0958,"22,879,951","1,685,146,864"
600760,2020/12/31,51.8837,55.7573,51.5303,55.2625,"25,738,292","1,956,650,976"
600760,2021/1/4,57.468,60.7902,56.549,60.7902,"31,054,031","2,603,661,808"
600760,2021/1/5,61.4971,66.3037,60.7902,63.2501,"36,072,376","3,217,672,416"
600760,2021/1/6,62.4018,67.6185,62.0413,65.5898,"28,894,621","2,668,129,696"
600760,2021/1/7,64.4871,70.7923,63.9711,68.2123,"31,230,421","2,977,565,216"
600760,2021/1/8,68.0002,69.838,64.3387,67.4701,"27,811,482","2,621,213,808"
600760,2021/1/11,69.2019,69.5906,61.4971,62.3665,"36,374,545","3,357,092,352"
600760,2021/1/12,62.8472,66.1129,62.8472,65.7736,"27,720,618","2,535,582,912"
600760,2021/1/13,66.3532,68.078,63.038,64.2892,"31,128,534","2,879,020,928"
600760,2021/1/14,62.9108,62.9108,57.8638,57.9698,"40,520,744","3,380,046,912"
600760,2021/1/15,57.9698,59.3694,55.7644,59.0937,"28,304,966","2,319,659,744"
600760,2021/1/18,59.0937,61.3416,58.3233,60.3661,"26,750,228","2,277,732,800"
600760,2021/1/19,59.2917,60.4721,56.8176,57.6659,"26,954,815","2,225,004,544"
600760,2021/1/20,57.2559,59.9702,56.7611,59.2422,"21,682,706","1,798,007,552"
600760,2021/1/21,59.1786,60.3166,57.8921,59.5461,"28,011,866","2,343,208,544"
600760,2021/1/22,59.0937,61.4617,58.1536,61.4547,"33,124,378","2,804,715,424"
600760,2021/1/25,62.9108,67.3782,62.826,64.0842,"38,823,947","3,566,097,616"
600760,2021/1/26,62.826,63.4551,57.6729,57.6729,"33,831,207","2,840,004,304"
600760,2021/1/27,56.6197,58.302,55.6937,56.9661,"19,013,031","1,530,008,432"
600760,2021/1/28,55.6301,57.475,54.69,55.3615,"19,374,684","1,536,292,432"
600760,2021/1/29,55.7715,56.3935,52.9652,54.3295,"19,985,173","1,546,696,848"
600760,2021/2/1,54.4284,55.9482,54.4143,55.206,"12,191,957","952,641,344"
600760,2021/2/2,55.8422,57.2205,54.6405,56.7045,"15,764,105","1,250,891,008"
600760,2021/2/3,56.7611,56.7611,53.0501,53.3045,"18,918,773","1,458,969,152"
600760,2021/2/4,52.7037,54.075,52.117,52.8733,"14,471,584","1,084,992,976"
600760,2021/2/5,53.7216,54.3436,51.5303,51.6222,"12,221,923","913,770,048"
600760,2021/2/8,52.1947,53.2975,50.9083,53.0218,"12,439,044","924,056,384"
600760,2021/2/9,53.6297,58.3233,52.8451,58.3162,"25,331,951","2,020,249,952"
600760,2021/2/10,58.1041,58.1041,55.206,57.1287,"21,771,343","1,737,668,704"
600760,2021/2/18,57.263,57.8355,55.8351,56.7611,"14,855,673","1,190,889,488"
600760,2021/2/19,56.9025,58.6696,56.6197,57.6588,"15,098,988","1,227,968,784"
600760,2021/2/22,57.68,57.779,52.8521,53.0854,"21,953,778","1,707,483,536"
600760,2021/2/23,51.6363,55.9694,51.3536,55.2272,"20,522,517","1,584,624,320"
600760,2021/2/24,55.7927,57.2064,54.9232,56.542,"19,490,169","1,549,185,600"
600760,2021/2/25,56.549,61.3557,55.8775,59.942,"27,631,844","2,304,190,080"
600760,2021/2/26,58.3657,60.5075,55.8422,57.3266,"23,186,885","1,898,046,032"
600760,2021/3/1,57.7153,58.3091,55.7573,58.3091,"14,926,732","1,207,391,552"
600760,2021/3/2,58.5636,59.5249,56.7116,59.4048,"19,570,732","1,613,318,240"
600760,2021/3/3,58.1041,59.1503,57.6093,58.6696,"11,741,999","970,465,552"
600760,2021/3/4,58.1677,60.4721,56.7257,57.1852,"17,627,557","1,465,838,960"
600760,2021/3/5,55.6584,55.6867,51.4737,51.9261,"24,636,426","1,850,560,352"
600760,2021/3/8,51.9332,52.2372,46.7307,46.7307,"28,037,279","1,921,330,768"
600760,2021/3/9,45.9461,46.3702,42.4895,43.6629,"21,803,985","1,363,529,696"
600760,2021/3/10,44.5324,45.0272,42.9702,43.3943,"14,753,616","910,940,336"
600760,2021/3/11,43.4438,45.013,42.8005,44.5889,"13,964,953","872,969,648"
600760,2021/3/12,44.5606,44.5606,42.85,43.9103,"11,149,174","687,257,232"
600760,2021/3/15,43.8608,44.6949,42.6309,43.2741,"11,758,992","726,735,856"
600760,2021/3/16,43.1186,43.7477,42.0583,42.7369,"9,330,865","565,522,944"
600760,2021/3/17,42.9419,43.6064,42.5531,43.0479,"8,121,502","495,751,216"
600760,2021/3/18,42.7652,44.3556,42.6733,43.67,"10,891,920","672,081,808"
600760,2021/3/19,42.9702,46.6529,42.7086,44.8858,"21,914,372","1,390,924,416"
600760,2021/3/22,44.391,44.8363,43.3166,44.5677,"12,735,856","794,945,232"
600760,2021/3/23,44.3556,45.4301,44.0729,45.2251,"11,362,944","722,009,184"
600760,2021/3/24,44.8575,45.6633,42.1785,42.7511,"15,979,905","979,409,744"
600760,2021/3/25,42.4118,43.4579,42.0654,42.6945,"8,658,524","524,181,712"
600760,2021/3/26,42.6945,44.2213,42.638,44.0163,"10,651,748","659,351,840"
600760,2021/3/29,44.7515,45.7623,44.2991,44.4687,"12,333,982","785,147,552"
600760,2021/3/30,47.1972,48.9149,46.1581,48.9149,"30,227,654","2,067,119,952"
600760,2021/3/31,48.5615,48.8442,45.6492,45.8825,"27,391,696","1,813,264,752"
600760,2021/4/1,46.3207,47.0771,45.6139,46.9922,"13,183,089","865,576,496"
600760,2021/4/2,46.4833,47.5012,45.8047,46.7166,"13,360,799","879,020,560"
600760,2021/4/6,46.759,47.7769,46.759,47.3386,"12,251,066","819,081,424"
600760,2021/4/7,46.865,46.9357,45.7906,46.1369,"10,992,133","717,193,968"
600760,2021/4/8,45.8542,46.766,45.3028,46.3419,"8,934,303","583,216,864"
600760,2021/4/9,46.6459,47.4658,45.6916,45.7623,"12,342,852","813,877,280"
600760,2021/4/12,45.1615,45.6563,43.0267,43.3448,"15,844,291","989,425,312"
600760,2021/4/13,43.1116,44.0941,42.9419,43.8043,"8,010,120","494,092,560"
600760,2021/4/14,43.3307,44.3274,43.3307,44.3132,"6,884,341","428,915,376"
600760,2021/4/15,44.0517,44.5324,43.6983,44.4051,"5,641,661","351,992,256"
600760,2021/4/16,44.4263,44.808,43.9881,44.3981,"5,785,965","362,749,168"
600760,2021/4/19,44.4122,45.5927,43.6841,45.5714,"11,902,689","757,238,208"
600760,2021/4/20,45.1049,46.2288,44.7303,45.3099,"11,294,739","726,604,400"
600760,2021/4/21,44.8363,45.006,43.882,44.4122,"9,331,047","585,997,680"
600760,2021/4/22,44.5324,45.1332,44.1082,44.2496,"8,220,721","517,882,944"
600760,2021/4/23,44.0658,44.6879,43.9103,44.3768,"7,054,229","442,441,200"
600760,2021/4/26,44.4829,46.1652,44.4687,44.7939,"13,695,148","879,817,456"
600760,2021/4/27,44.5041,44.5041,43.0409,43.6064,"9,266,172","572,366,400"
600760,2021/4/28,43.2035,44.0305,43.1964,43.8891,"6,265,593","386,935,088"
600760,2021/4/29,43.9881,44.4193,43.4721,43.5993,"7,522,713","466,647,168"
600760,2021/4/30,41.7403,42.3482,39.245,40.8143,"28,218,116","1,609,375,232"
600760,2021/5/6,40.3689,43.7477,40.1286,43.1186,"19,060,690","1,140,479,024"
600760,2021/5/7,43.0479,44.1294,42.6238,43.3166,"10,503,278","645,015,824"
600760,2021/5/10,43.2883,43.4226,42.129,43.3236,"9,172,873","553,986,864"
600760,2021/5/11,43.1257,47.6567,42.9136,47.6496,"31,088,930","2,039,124,320"
600760,2021/5/12,46.7943,47.2043,45.6421,46.3985,"16,369,532","1,072,910,048"
600760,2021/5/13,45.8401,48.3141,45.6633,46.0804,"18,650,567","1,237,857,568"
600760,2021/5/14,46.2712,49.8126,45.3099,49.1977,"26,156,435","1,788,689,040"
600760,2021/5/17,49.5511,50.5972,48.7877,49.3249,"22,404,304","1,569,697,136"
600760,2021/5/18,48.9149,52.3997,48.4625,51.601,"23,540,288","1,706,039,488"
600760,2021/5/19,50.9648,52.4422,50.6679,51.1627,"15,908,083","1,157,588,336"
600760,2021/5/20,51.3536,52.9299,50.7528,50.9083,"15,340,201","1,121,896,544"
600760,2021/5/21,51.3041,51.4596,49.0139,49.5299,"14,880,531","1,044,718,864"
600760,2021/5/24,49.6783,50.8446,49.3532,50.3498,"9,702,529","689,026,976"
600760,2021/5/25,50.3145,54.3578,49.5723,53.5731,"22,915,832","1,707,586,720"
600760,2021/5/26,53.5095,55.1353,52.944,53.6226,"17,073,708","1,304,244,512"
600760,2021/5/27,53.5166,54.4991,53.0147,53.3257,"11,424,933","865,241,536"
600760,2021/5/28,52.944,54.0679,52.2089,53.5519,"10,938,129","824,743,632"
600760,2021/5/31,53.5802,55.7291,53.0501,54.9798,"15,729,360","1,214,211,200"
600760,2021/6/1,54.5062,55.6513,53.3257,53.3823,"13,640,858","1,047,152,464"
600760,2021/6/2,53.3681,54.1598,51.4879,51.6363,"14,846,667","1,104,607,408"
600760,2021/6/3,51.5444,52.3078,50.7386,50.8871,"12,763,856","927,603,040"
600760,2021/6/4,50.7528,53.7145,50.6467,52.944,"18,766,161","1,400,921,344"
600760,2021/6/7,53.6367,54.8526,52.9652,53.7216,"14,138,916","1,077,237,488"
600760,2021/6/8,53.0571,54.9939,53.0571,54.8172,"15,815,998","1,215,153,680"
600760,2021/6/9,55.8563,57.2205,54.4638,56.0472,"22,741,927","1,795,521,408"
600760,2021/6/10,56.0542,57.164,55.3756,56.2733,"14,981,032","1,195,414,432"
600760,2021/6/11,56.2804,56.2875,53.1561,53.4035,"17,357,605","1,331,241,024"
600760,2021/6/15,52.9157,54.3648,52.3432,53.46,"10,272,975","777,947,952"
600760,2021/6/16,53.4459,54.5345,51.0426,53.1349,"12,669,346","947,046,352"
600760,2021/6/17,53.1561,53.7781,52.3432,53.7216,"8,415,417","632,946,544"
600760,2021/6/18,53.7216,56.5349,53.3187,55.4605,"15,247,216","1,191,657,584"
600760,2021/6/21,55.7573,60.0833,55.6513,60.0127,"22,634,019","1,850,391,904"
600760,2021/6/22,60.1187,60.154,57.6235,58.8039,"18,028,198","1,498,585,680"
600760,2021/6/23,58.4434,59.843,58.0476,59.6168,"13,924,390","1,164,968,240"
600760,2021/6/24,60.3642,61.5354,58.3594,58.6968,"18,030,169","1,083,727,760"
600760,2021/6/25,57.1683,59.1831,55.4513,59.1831,"22,190,443","1,284,160,400"
600760,2021/6/28,59.6695,60.2848,58.2303,59.1931,"18,446,193","1,098,712,016"
600760,2021/6/29,58.5976,59.997,58.5976,58.6472,"15,649,408","933,888,032"
600760,2021/6/30,58.2601,59.8481,57.1187,59.8481,"19,405,946","1,145,501,712"
600760,2021/7/1,60.9399,61.8927,55.5406,55.759,"32,207,223","1,876,664,688"
600760,2021/7/2,54.6871,54.7169,50.4193,51.779,"36,890,648","1,935,687,712"
600760,2021/7/5,51.2927,52.3249,50.7865,50.9553,"16,359,629","847,111,056"
600760,2021/7/6,50.9652,52.3944,49.9826,52.2356,"18,452,587","953,835,984"
600760,2021/7/7,51.6103,57.4562,51.4118,57.4562,"44,885,002","2,534,415,280"
600760,2021/7/8,57.7639,63.2028,57.4562,63.2028,"48,587,694","3,029,648,848"
600760,2021/7/9,64.5129,66.2399,62.4286,64.4335,"73,113,859","4,751,387,904"
600760,2021/7/12,64.5824,66.8949,63.1035,65.7337,"46,445,176","3,053,861,312"
600760,2021/7/13,65.1977,67.55,64.8603,66.5972,"33,376,619","2,224,436,528"
600760,2021/7/14,66.2696,67.2721,63.2723,63.5204,"41,486,151","2,693,999,344"
600760,2021/7/15,64.3541,65.4061,62.379,64.0166,"26,793,681","1,716,322,384"
600760,2021/7/16,63.5005,68.4134,62.5974,66.6964,"55,075,161","3,686,615,328"
600760,2021/7/19,66.4979,66.9445,63.4211,64.5327,"37,640,896","2,449,423,472"
600760,2021/7/20,63.4211,65.8627,62.9249,64.89,"29,359,662","1,903,417,424"
600760,2021/7/21,64.4533,68.3638,64.1159,66.756,"35,248,531","2,366,951,760"
600760,2021/7/22,66.2299,70.4679,65.3069,69.3762,"37,771,391","2,584,576,688"
600760,2021/7/23,69.3563,76.1054,67.8576,73.2172,"51,729,651","3,708,774,992"
600760,2021/7/26,73.4454,78.2889,70.4679,70.4679,"68,521,321","5,171,491,840"
600760,2021/7/27,70.0312,73.9218,67.9569,68.0363,"58,864,307","4,199,252,736"
600760,2021/7/28,66.8949,67.0041,62.5279,64.5129,"44,268,546","2,874,769,984"
600760,2021/7/29,66.4979,70.5176,65.5451,69.6342,"46,129,068","3,165,764,224"
600760,2021/7/30,69.396,70.7558,66.22,67.3217,"34,398,100","2,368,273,200"
600760,2021/8/2,68.4035,72.9095,66.617,71.5101,"38,455,689","2,730,423,424"
600760,2021/8/3,71.4505,74.4677,69.9022,71.6689,"39,558,515","2,877,184,992"
600760,2021/8/4,70.9642,75.5396,70.6764,74.5372,"35,495,055","2,635,246,000"
600760,2021/8/5,74.6861,77.4155,73.4454,74.5968,"49,554,741","3,780,353,392"
600760,2021/8/6,73.773,74.835,70.9642,74.0608,"39,860,400","2,925,159,296"
600760,2021/8/9,74.0608,76.6711,73.0286,74.0608,"27,988,411","2,104,140,288"
600760,2021/8/10,72.9988,77.9911,72.9988,76.2145,"44,225,405","3,406,033,488"
600760,2021/8/11,75.4305,76.6612,73.8722,74.835,"30,458,977","2,295,532,352"
600760,2021/8/12,74.4082,74.9243,71.1428,71.4505,"28,951,487","2,110,824,928"
600760,2021/8/13,71.0138,73.9814,69.9717,71.8475,"28,733,913","2,089,323,584"
600760,2021/8/16,71.8078,73.0484,70.4679,71.3612,"18,416,416","1,334,068,352"
600760,2021/8/17,71.4604,72.8797,70.0511,70.4679,"22,364,104","1,613,408,496"
600760,2021/8/18,70.7657,76.0061,69.8724,74.438,"41,675,200","3,102,472,656"
600760,2021/8/19,73.9417,76.423,72.4629,74.8647,"29,089,399","2,195,188,592"
600760,2021/8/20,73.6241,75.6786,72.2544,72.4728,"26,015,449","1,922,941,376"
600760,2021/8/23,73.7432,79.7181,72.6713,79.0928,"54,497,294","4,288,339,568"
600760,2021/8/24,76.423,79.8967,73.376,79.4005,"50,830,845","3,917,553,280"
600760,2021/8/25,78.408,80.5915,75.8969,78.3087,"25,761,241","2,023,819,744"
600760,2021/8/26,77.8125,79.7181,76.4031,76.949,"21,956,152","1,726,340,576"
600760,2021/8/27,76.4329,77.0979,74.7159,75.8275,"20,465,809","1,560,063,952"
600760,2021/8/30,77.3162,83.0529,77.3162,80.0555,"37,223,322","2,999,586,304"
600760,2021/8/31,83.8668,85.1173,79.0035,81.4351,"41,134,926","3,403,832,960"
600760,2021/9/1,82.7551,83.3507,74.4479,79.202,"36,715,036","2,905,622,080"
600760,2021/9/2,77.6239,80.5022,77.614,79.4104,"16,619,265","1,330,073,680"
600760,2021/9/3,79.2913,80.0952,73.4752,74.3585,"32,282,824","2,461,077,344"
600760,2021/9/6,73.3462,74.9342,71.2917,74.2395,"23,353,051","1,726,346,752"
600760,2021/9/7,74.1402,76.3336,73.4554,74.5372,"17,571,289","1,327,036,336"
600760,2021/9/8,74.6166,75.2022,72.2544,72.6514,"20,188,600","1,487,827,168"
600760,2021/9/9,72.3338,76.9093,71.7681,76.284,"26,328,075","1,968,324,640"
600760,2021/9/10,76.284,76.284,73.8425,74.3685,"21,037,667","1,585,844,048"
600760,2021/9/13,74.3685,75.4205,71.8376,72.7507,"15,411,506","1,135,592,224"
600760,2021/9/14,73.3263,74.696,71.8574,72.3537,"18,137,672","1,333,577,488"
600760,2021/9/15,72.0361,73.6737,69.4953,72.7408,"20,459,725","1,474,331,280"
600760,2021/9/16,72.2544,73.237,70.4679,70.7061,"13,232,044","955,529,120"
600760,2021/9/17,70.8153,71.7185,66.4979,69.1876,"20,177,009","1,401,100,016"
600760,2021/9/22,68.1951,72.7507,67.5897,70.855,"16,826,056","1,201,933,600"
600760,2021/9/23,70.8749,74.2395,70.8749,73.7432,"23,403,384","1,724,586,800"
600760,2021/9/24,73.4057,74.1799,72.5621,72.9194,"11,707,366","863,588,800"
600760,2021/9/27,72.3537,73.3958,68.2646,70.19,"17,397,237","1,233,507,184"
600760,2021/9/28,70.1106,71.0138,69.6441,69.7136,"11,741,402","831,928,208"
600760,2021/9/29,69.0586,69.6441,65.8032,65.8131,"17,005,361","1,150,081,712"
600760,2021/9/30,66.488,68.1653,66.4284,67.8279,"11,576,534","789,395,184"
600760,2021/10/8,68.3837,68.6616,65.5352,66.1009,"10,736,201","722,563,376"
600760,2021/10/11,66.5475,69.6243,66.2498,67.2026,"13,995,279","958,331,360"
600760,2021/10/12,66.9942,66.9942,63.9273,64.8305,"13,585,142","894,008,160"
600760,2021/10/13,60.5429,63.9472,59.6,63.699,"26,589,158","1,658,078,464"
600760,2021/10/14,62.8723,67.9982,62.6935,66.7068,"21,855,706","1,462,036,608"
600760,2021/10/15,66.6969,67.2035,66.0412,66.6174,"10,828,825","727,048,576"
600760,2021/10/18,66.6671,69.1009,66.6571,68.5943,"11,966,628","821,316,352"
600760,2021/10/19,68.634,68.8228,66.826,67.4121,"10,823,837","735,161,376"
600760,2021/10/20,67.4121,68.9022,67.2433,68.8128,"11,812,259","812,135,824"
600760,2021/10/21,68.0976,69.0413,67.2333,68.1075,"8,636,747","589,715,648"
600760,2021/10/22,68.0479,68.7035,67.2731,68.3956,"7,383,626","505,987,408"
600760,2021/10/25,68.8724,70.3824,68.0479,70.0546,"13,601,131","950,311,168"
600760,2021/10/26,70.0049,70.7301,69.5082,70.3228,"10,132,617","715,375,648"
600760,2021/10/27,71.5248,72.5182,70.0744,71.495,"15,989,658","1,147,316,544"
600760,2021/10/28,70.5413,73.7103,70.5314,72.2003,"16,537,223","1,201,961,888"
600760,2021/10/29,72.5182,75.2699,70.7599,75.0017,"25,761,410","1,917,787,376"
600760,2021/11/1,76.5315,78.0614,74.3858,75.0017,"27,956,531","2,146,927,552"
600760,2021/11/2,75.4984,79.5912,75.2004,77.9521,"30,317,329","2,366,764,528"
600760,2021/11/3,76.9885,77.1872,73.9785,76.611,"20,048,627","1,525,964,512"
600760,2021/11/4,76.0944,78.3594,75.5977,77.5547,"16,279,836","1,262,691,888"
600760,2021/11/5,76.9984,78.0316,75.0712,75.101,"12,048,667","927,466,912"
600760,2021/11/8,74.2666,76.0746,73.5116,75.8461,"8,785,314","664,425,760"
600760,2021/11/9,75.4487,78.4786,75.1308,77.3859,"17,861,045","1,389,028,896"
600760,2021/11/10,77.3263,78.876,75.4984,76.4719,"15,713,305","1,217,964,016"
600760,2021/11/11,75.4984,77.2865,74.7832,76.9388,"12,745,523","979,351,472"
600760,2021/11/12,76.9388,79.3528,76.7004,78.9455,"21,994,106","1,738,862,720"
600760,2021/11/15,78.876,79.6707,75.4984,75.7766,"22,091,176","1,716,390,256"
600760,2021/11/16,74.9818,76.909,71.6539,72.1804,"26,707,522","1,987,733,360"
600760,2021/11/17,72.1804,73.899,70.7202,72.8957,"17,880,998","1,304,754,480"
600760,2021/11/18,72.5579,74.952,71.3261,73.76,"16,903,765","1,247,241,376"
600760,2021/11/19,73.5116,73.9884,72.7368,72.9752,"12,140,485","894,705,696"
600760,2021/11/22,72.9553,73.2732,71.5248,72.6871,"17,934,377","1,307,461,184"
600760,2021/11/23,72.7169,72.7169,70.5314,71.3857,"15,338,864","1,106,795,440"
600760,2021/11/24,71.4255,72.0215,69.538,69.9453,"14,589,499","1,034,051,248"
600760,2021/11/25,69.9354,70.5215,68.8923,69.2201,"11,811,788","826,837,504"
600760,2021/11/26,69.2201,70.4023,68.6936,69.4983,"11,273,807","790,866,080"
600760,2021/11/29,68.5446,71.9718,67.879,71.8228,"21,252,849","1,517,564,912"
600760,2021/11/30,71.7235,73.9785,71.6241,72.4983,"18,070,031","1,328,230,240"
600760,2021/12/1,72.5182,73.2036,71.7235,72.3692,"10,531,059","766,922,096"
600760,2021/12/2,72.3692,72.8858,71.7831,71.8328,"8,568,935","623,385,968"
600760,2021/12/3,72.5182,75.1408,72.5182,74.4057,"20,888,007","1,562,245,152"
600760,2021/12/6,74.2567,74.8924,73.1738,74.0083,"13,538,128","1,011,400,512"
600760,2021/12/7,73.9686,74.7037,70.1539,71.0778,"16,353,194","1,183,501,216"
600760,2021/12/8,71.4751,72.3195,71.0579,72.0712,"10,013,737","722,985,376"
600760,2021/12/9,71.6142,72.101,70.5314,70.9685,"12,390,128","884,866,768"
600760,2021/12/10,70.9784,71.4155,70.2334,70.591,"11,706,102","831,956,160"
600760,2021/12/13,70.1937,70.8294,69.4287,70.4023,"11,204,480","789,987,760"
600760,2021/12/14,69.9751,71.803,69.836,70.6804,"13,919,259","994,695,776"
600760,2021/12/15,70.6307,71.0182,69.5777,69.6373,"9,461,333","666,924,640"
600760,2021/12/16,69.6373,70.7698,69.6373,70.6208,"8,593,769","607,765,744"
600760,2021/12/17,70.0844,70.7798,68.3956,68.4453,"12,617,332","879,398,416"
600760,2021/12/20,67.7697,68.8228,65.5247,65.9518,"15,504,725","1,038,281,552"
600760,2021/12/21,65.9419,67.6307,65.5942,67.4519,"8,877,300","595,817,008"
600760,2021/12/22,67.4519,68.0777,67.0545,67.2234,"6,383,358","433,446,400"
600760,2021/12/23,67.2234,68.0479,66.3591,66.9452,"7,577,062","512,293,184"
600760,2021/12/24,66.9452,67.3923,65.7631,66.3591,"7,193,920","481,252,304"
600760,2021/12/27,66.3393,66.836,65.3657,65.5843,"6,373,009","422,499,472"
600760,2021/12/28,65.6141,66.528,64.6902,66.528,"7,569,005","500,155,712"
600760,2021/12/29,66.5777,67.4618,66.2697,66.9651,"11,554,560","778,105,744"
600760,2021/12/30,66.7465,69.0214,66.5777,68.1274,"14,956,780","1,027,250,416"
600760,2021/12/31,68.6837,68.7234,67.0545,67.5909,"12,091,028","821,716,320"
600760,2022/1/4,66.7565,68.5446,66.677,66.9154,"11,430,260","774,897,072"
600760,2022/1/5,67.0048,67.3724,62.8922,63.5081,"16,230,693","1,052,876,160"
600760,2022/1/6,63.2796,63.5279,61.4021,62.5345,"14,563,437","913,944,272"
600760,2022/1/7,62.6736,63.816,61.3921,61.7001,"10,725,782","675,607,152"
600760,2022/1/10,61.4915,62.8822,61.4915,62.763,"8,965,256","562,169,888"
600760,2022/1/11,62.9816,63.0114,61.0941,61.4517,"9,252,702","575,290,736"
600760,2022/1/12,61.4915,62.8524,61.4517,62.7829,"8,833,648","553,579,648"
600760,2022/1/13,62.7829,62.9518,61.4915,61.5511,"6,592,754","411,124,288"
600760,2022/1/14,61.1934,61.7398,59.5444,59.604,"13,703,962","832,862,192"
600760,2022/1/17,59.7133,61.253,59.306,61.1239,"10,416,969","633,310,208"
600760,2022/1/18,60.7663,61.8193,60.5577,61.4021,"7,431,560","458,617,808"
600760,2022/1/19,61.4021,61.4021,57.6172,58.5609,"15,008,249","891,019,472"
600760,2022/1/20,58.6106,58.8093,55.7397,56.3953,"24,649,802","1,410,150,448"
600760,2022/1/21,52.3522,53.5939,50.7528,52.7297,"43,624,493","2,282,349,168"
600760,2022/1/24,52.6999,54.3191,51.8555,53.4449,"17,953,169","958,601,200"
600760,2022/1/25,53.9416,54.8953,52.7992,52.8191,"15,416,984","835,744,512"
600760,2022/1/26,52.7992,53.6138,51.2594,52.4317,"12,567,944","663,452,064"
600760,2022/1/27,52.4118,52.9383,50.7727,50.9118,"9,416,950","490,299,104"
600760,2022/1/28,51.2594,52.1535,50.5641,51.2594,"9,740,978","504,264,704"
600760,2022/2/7,52.3522,52.5509,51.1899,51.4085,"7,772,915","403,995,008"
600760,2022/2/8,51.7561,51.7561,49.9978,51.7561,"9,010,273","462,258,096"
600760,2022/2/9,51.5575,52.9482,51.18,52.68,"13,015,967","684,843,200"
600760,2022/2/10,52.6899,53.6436,52.2131,52.7495,"11,803,413","628,137,264"
600760,2022/2/11,52.5509,53.0078,51.2992,51.5475,"8,578,406","450,701,840"
600760,2022/2/14,52.1535,53.6436,51.8356,52.7992,"14,391,457","765,243,008"
600760,2022/2/15,52.7793,54.2893,52.6005,53.8522,"16,176,629","874,236,640"
600760,2022/2/16,53.3953,53.3953,51.9548,52.3124,"16,913,555","892,698,368"
600760,2022/2/17,52.1535,54.1204,51.935,53.6039,"16,153,541","863,590,720"
600760,2022/2/18,53.1469,53.1568,52.0542,52.5906,"13,012,730","686,835,184"
600760,2022/2/21,52.6502,53.4449,52.1734,52.531,"10,692,102","566,910,016"
600760,2022/2/22,53.3655,53.5939,51.1104,51.925,"14,983,014","785,604,704"
600760,2022/2/23,51.8356,54.041,51.4085,53.9814,"24,780,216","1,326,434,480"
600760,2022/2/24,53.7429,57.4682,53.0873,56.1768,"44,056,404","2,446,662,048"
600760,2022/2/25,54.637,56.0774,53.4449,55.3324,"24,702,078","1,365,843,248"
600760,2022/2/28,56.0278,56.5741,55.1734,55.6701,"20,035,907","1,129,332,496"
600760,2022/3/1,56.1867,58.4914,55.5907,57.647,"28,159,256","1,621,981,904"
600760,2022/3/2,57.7165,57.9748,56.4251,56.743,"17,770,212","1,017,272,656"
600760,2022/3/3,56.8026,56.8622,54.8059,54.8655,"15,774,874","877,511,040"
600760,2022/3/4,54.8357,55.2231,53.5045,53.9714,"12,967,915","707,530,560"
600760,2022/3/7,54.4681,54.7562,53.1668,53.2164,"12,664,482","685,692,944"
600760,2022/3/8,52.7992,53.4449,50.5939,50.7131,"14,509,285","757,222,848"
600760,2022/3/9,50.9118,51.319,47.1368,51.0508,"21,994,669","1,090,295,248"
600760,2022/3/10,51.5873,53.9416,51.5873,53.0277,"18,748,074","998,246,016"
600760,2022/3/11,52.4515,54.5973,51.8157,54.5377,"15,451,391","830,407,808"
600760,2022/3/14,53.6436,56.6139,53.4549,55.9682,"23,752,258","1,335,018,144"
600760,2022/3/15,55.3821,57.1205,54.637,54.6469,"22,613,919","1,276,993,648"
600760,2022/3/16,55.4615,56.7728,53.7429,56.3755,"19,662,400","1,100,395,184"
600760,2022/3/17,56.8622,57.3887,55.5609,55.8291,"20,968,454","1,185,929,376"
600760,2022/3/18,55.4317,55.5311,53.9516,54.8059,"12,079,197","666,498,752"
600760,2022/3/21,54.6668,56.4251,54.6668,55.6304,"9,899,922","554,263,600"
600760,2022/3/22,55.5211,56.4251,54.7165,55.4814,"10,373,784","578,886,000"
600760,2022/3/23,55.1436,59.3855,55.0145,58.3623,"25,985,180","1,511,923,952"
600760,2022/3/24,57.6172,59.902,57.4185,58.7199,"18,501,229","1,099,011,024"
600760,2022/3/25,58.7298,62.1272,58.3623,59.4053,"19,073,858","1,160,011,072"
600760,2022/3/28,58.5212,59.9616,58.1934,58.4715,"8,654,241","512,832,400"
600760,2022/3/29,60.5875,60.9948,57.3689,57.4781,"20,334,610","1,207,438,976"
600760,2022/3/30,57.4185,57.7861,55.8788,56.9715,"18,148,347","1,036,919,712"
600760,2022/3/31,56.6536,56.8026,55.2827,55.9185,"10,727,352","603,675,200"
600760,2022/4/1,55.5807,56.3556,55.2926,56.1172,"8,740,878","492,318,384"
600760,2022/4/6,55.8986,55.9284,52.3721,52.9979,"16,955,931","912,000,032"
600760,2022/4/7,52.8986,55.3125,52.6502,53.8025,"14,059,983","768,749,920"
600760,2022/4/8,53.5939,54.2396,52.5012,53.0277,"9,311,055","499,978,832"
600760,2022/4/11,52.7396,52.9681,50.6535,50.9714,"12,618,917","651,908,496"
600760,2022/4/12,50.9614,51.0608,49.1832,50.8223,"12,012,697","604,695,136"
600760,2022/4/13,50.4647,50.8521,49.7793,50.1369,"6,726,905","341,019,152"
600760,2022/4/14,49.968,51.7859,49.6799,51.4482,"9,197,295","471,338,704"
600760,2022/4/15,50.8621,52.6303,50.3356,51.9747,"11,237,210","584,777,136"
600760,2022/4/18,51.4581,53.5641,51.3389,53.2661,"12,903,188","686,655,680"
600760,2022/4/19,52.9482,53.8125,52.7694,53.6436,"8,251,994","443,257,648"
600760,2022/4/20,53.5244,53.8323,52.4615,53.435,"9,050,422","485,008,688"
600760,2022/4/21,52.9482,54.2098,51.3687,51.4482,"8,080,304","427,708,080"
600760,2022/4/22,51.2892,51.5575,50.266,50.3654,"7,036,457","359,556,976"
600760,2022/4/25,49.9184,49.9184,46.66,46.6898,"11,424,069","552,259,744"
600760,2022/4/26,46.9878,47.5243,42.7162,43.2328,"13,784,526","618,473,776"
600760,2022/4/27,42.7162,47.0971,42.3784,46.6699,"17,148,632","778,021,216"
600760,2022/4/28,45.9944,48.7759,45.9746,47.0574,"10,720,587","511,048,080"
600760,2022/4/29,47.3951,49.8389,46.9878,49.5707,"11,914,249","582,559,424"
600760,2022/5/5,50.0674,53.8323,49.7097,52.2528,"20,332,892","1,070,291,568"
600760,2022/5/6,50.7925,53.7429,50.7627,52.4515,"14,100,878","742,864,560"
600760,2022/5/9,52.8688,54.8257,52.4515,54.7363,"17,168,648","931,392,352"
600760,2022/5/10,53.892,55.8192,53.4449,55.2132,"16,989,462","937,073,184"
600760,2022/5/11,55.5311,56.1271,53.7529,54.2595,"19,298,177","1,067,637,440"
600760,2022/5/12,53.7231,55.5609,53.7231,55.3423,"12,595,624","694,752,096"
600760,2022/5/13,55.3423,55.5708,54.4483,54.7363,"6,774,629","373,427,568"
600760,2022/5/16,55.6403,55.9483,54.0112,54.1006,"7,202,829","397,042,448"
600760,2022/5/17,54.1006,55.084,53.5641,54.6171,"6,812,783","373,654,032"
600760,2022/5/18,54.8357,55.2132,53.9714,54.339,"7,107,478","390,266,448"
600760,2022/5/19,53.6535,54.7363,53.1767,54.3887,"11,211,109","607,668,208"
600760,2022/5/20,54.3887,55.5112,54.19,54.9648,"8,626,371","475,898,688"
600760,2022/5/23,54.637,55.1138,53.435,54.935,"10,393,919","566,026,336"
600760,2022/5/24,54.935,56.4947,52.0939,52.0939,"20,380,404","1,111,991,088"
600760,2022/5/25,51.925,53.6933,51.6667,53.0476,"10,969,140","584,608,352"
600760,2022/5/26,52.98,55.41,52.98,54.18,"15,616,162","850,227,072"
600760,2022/5/27,54.73,55.26,53.9,54.11,"11,349,548","619,662,976"
600760,2022/5/30,54.2,55.2,53.9,55.06,"8,584,606","469,119,040"
600760,2022/5/31,55.06,56.1,54.7,55.87,"11,264,182","625,972,704"
600760,2022/6/1,55.6,58.12,55.31,57,"16,568,477","947,263,424"
600760,2022/6/2,56.8,57.79,56.17,57.23,"9,623,843","548,813,488"
600760,2022/6/6,57.24,58.07,56.24,57.92,"11,602,438","665,151,856"
600760,2022/6/7,57.6,59.26,57.6,58.56,"13,172,752","770,505,808"
600760,2022/6/8,58.2,58.48,55.78,56.95,"17,716,517","1,007,837,376"
600760,2022/6/9,56.95,57.24,55.55,55.91,"11,306,204","636,015,168"
600760,2022/6/10,56.07,58.5,56.05,58.42,"17,251,518","998,936,928"
600760,2022/6/13,58.75,59.55,57.09,59.16,"17,956,610","1,051,571,728"
600760,2022/6/14,57.8,58.45,56.35,57.42,"12,735,421","728,449,120"
600760,2022/6/15,57.48,58.41,57.18,57.42,"10,445,431","604,424,880"
600760,2022/6/16,57.42,58.31,56.6,57.02,"8,189,634","470,540,192"
600760,2022/6/17,56.77,57.29,55.87,56.93,"11,413,804","644,927,504"
600760,2022/6/20,57.3,58.5,56.63,57.68,"11,150,871","644,532,000"
600760,2022/6/21,58,58,56.06,56.42,"9,213,469","522,570,480"
600760,2022/6/22,56.42,56.88,55.32,55.37,"7,680,174","430,371,136"
600760,2022/6/23,55.17,59.1,55.03,58.98,"23,316,576","1,345,169,184"
600760,2022/6/24,59.2,60.98,59.2,59.48,"21,821,245","1,310,354,032"
600760,2022/6/27,60,60,58.58,59,"14,137,440","836,040,336"
600760,2022/6/28,59.03,61.22,59.03,60.75,"22,992,878","1,392,913,584"
600760,2022/6/29,60.28,61.2,59.36,59.38,"12,038,731","724,631,824"
600760,2022/6/30,59.51,61.1,58.84,60.45,"13,500,993","813,610,288"
600760,2022/7/1,60.45,62.8,60.45,61.68,"16,802,987","1,037,446,624"
600760,2022/7/4,61.97,63.98,61,63.41,"19,038,410","1,202,712,448"
600760,2022/7/5,63.01,63.38,60.68,62,"16,719,169","1,032,752,976"
600760,2022/7/6,61.37,62.3,60.36,61.48,"13,413,943","823,207,552"
600760,2022/7/7,61.15,62.66,61.15,61.77,"13,015,150","806,376,224"
600760,2022/7/8,61.5,62.47,60.51,61.36,"9,725,239","596,832,000"
600760,2022/7/11,61.25,61.25,59.5,60.38,"10,428,936","626,718,624"
600760,2022/7/12,60.37,62.34,59.9,59.92,"11,889,323","724,765,216"
600760,2022/7/13,59.38,59.81,58.18,58.5,"11,685,855","686,473,328"
600760,2022/7/14,58.73,60.21,58.51,59.51,"9,250,365","550,901,584"
600760,2022/7/15,59.34,60.25,58.36,58.47,"9,233,715","545,397,920"
600760,2022/7/18,58.35,58.65,56.43,57.49,"14,494,205","827,476,464"
600760,2022/7/19,57.62,58.08,56.81,57.82,"10,401,663","597,385,984"
600760,2022/7/20,57.89,59.89,57.89,59.87,"18,685,541","1,103,252,480"
600760,2022/7/21,59.75,59.75,57.54,57.56,"17,261,539","1,003,878,032"
600760,2022/7/22,57.77,58.26,56.57,57.41,"9,040,168","517,218,336"
600760,2022/7/25,58.5,59.1,57.42,57.7,"10,029,750","583,073,920"
600760,2022/7/26,57.95,59.17,57.28,58.88,"12,928,964","758,226,016"
600760,2022/7/27,58.6,62.12,58.6,61.06,"25,000,413","1,522,749,056"
600760,2022/7/28,61.06,62,60.28,61.85,"15,339,452","938,778,272"
600760,2022/7/29,61.27,61.6,60.19,61.16,"12,705,931","773,438,208"
600760,2022/8/1,61.5,62.05,59.85,60.58,"12,303,278","745,701,808"
600760,2022/8/2,61.99,62.5,60.1,61.04,"27,554,272","1,691,655,984"
600760,2022/8/3,60,65.3,59.8,64.5,"40,919,643","2,610,511,168"
600760,2022/8/4,64.61,65.12,62.51,63.4,"21,790,461","1,390,268,304"
600760,2022/8/5,63.05,64.6,61.58,63,"18,414,088","1,158,517,728"
600760,2022/8/8,62.66,64.99,62.62,64.47,"16,196,546","1,042,256,624"
600760,2022/8/9,63.99,67.79,63.83,67.02,"25,260,583","1,665,569,936"
600760,2022/8/10,66.91,69.25,66.66,67.6,"21,292,215","1,451,333,536"
600760,2022/8/11,67.08,68.29,66,67.87,"12,402,991","838,178,880"
600760,2022/8/12,67.01,68.7,66.07,66.1,"12,945,607","867,244,112"
600760,2022/8/15,66,66.79,65.65,66.17,"8,098,872","535,547,840"
600760,2022/8/16,66.3,67.02,65.76,66.16,"6,621,152","438,636,048"
600760,2022/8/17,65.98,66.2,64.41,65.04,"9,829,371","638,729,088"
600760,2022/8/18,65.04,65.7,63.85,65.19,"8,265,268","535,132,656"
600760,2022/8/19,64.95,65.77,63.51,63.55,"7,739,190","497,894,240"
600760,2022/8/22,63.11,65.05,62.5,64.78,"7,314,742","470,128,544"
600760,2022/8/23,64.55,64.8,62.62,63.71,"9,218,041","585,330,848"
600760,2022/8/24,63.64,63.64,61.06,61.32,"9,200,099","569,316,560"
600760,2022/8/25,61.39,61.87,60.53,61.49,"7,624,836","466,626,544"
600760,2022/8/26,61.61,62.25,60.21,60.66,"8,667,671","530,047,776"
600760,2022/8/29,60,61.79,59.38,61.63,"9,149,848","559,290,320"
600760,2022/8/30,61,61.1,59.38,59.63,"10,235,834","612,729,200"
600760,2022/8/31,59.92,60.13,58.18,58.76,"9,131,617","538,120,608"
600760,2022/9/1,58.76,59.58,57.9,58.58,"10,240,615","599,726,640"
600760,2022/9/2,58.18,59.3,57.6,58.64,"7,929,956","463,432,304"
600760,2022/9/5,58.5,59.3,57.67,58.11,"5,673,299","331,524,800"
600760,2022/9/6,58.7,63.92,58.7,62.52,"28,199,501","1,754,513,296"
600760,2022/9/7,62.1,65.11,61.89,64.31,"19,493,407","1,240,904,624"
600760,2022/9/8,64.16,65.99,64.16,65.24,"15,204,314","994,711,024"
600760,2022/9/9,64.99,66.98,64.58,65.7,"14,740,235","970,644,688"
600760,2022/9/13,66,68.1,65.49,67.63,"16,656,451","1,116,693,376"
600760,2022/9/14,67.24,68.08,66.55,67.32,"10,442,083","703,223,552"
600760,2022/9/15,67.39,67.57,64.82,65.53,"10,073,898","662,001,632"
600760,2022/9/16,65.4,67.28,65.21,65.62,"13,680,939","907,866,816"
600760,2022/9/19,65.67,67.18,65.15,65.53,"7,925,814","521,231,328"
600760,2022/9/20,65.8,66.8,65.03,65.51,"7,158,562","470,746,560"
600760,2022/9/21,65.36,66.1,63.3,65.79,"10,285,832","667,157,152"
600760,2022/9/22,65.98,67.16,65,66.31,"9,506,292","632,128,912"
600760,2022/9/23,66.11,70.7,65.33,66.36,"23,050,545","1,556,000,336"
600760,2022/9/26,65.9,66.64,64,64.2,"12,712,544","829,543,408"
600760,2022/9/27,64.2,66.1,63.99,64.92,"8,114,648","527,857,808"
600760,2022/9/28,64.79,66.48,62.9,63.33,"8,942,724","574,995,184"
600760,2022/9/29,64.19,65.64,63.07,63.71,"8,839,100","568,158,768"
600760,2022/9/30,63.72,63.9,60.94,60.95,"9,519,925","586,715,248"
600760,2022/10/10,61,62.25,60.5,60.97,"7,647,039","469,232,800"
600760,2022/10/11,60.97,61.69,60,60.72,"6,512,415","395,171,568"
600760,2022/10/12,60.42,61.99,58.91,61.9,"7,184,620","434,059,936"
600760,2022/10/13,61.2,63.36,61.06,61.74,"7,425,614","461,080,944"
600760,2022/10/14,62.3,65.9,61.34,64.97,"12,484,467","797,448,512"
600760,2022/10/17,64.68,69.45,64.43,69.42,"19,700,229","1,340,051,328"
600760,2022/10/18,69.43,70,67.33,69.34,"13,418,405","928,013,264"
600760,2022/10/19,69.33,69.43,67.98,68.13,"6,845,146","469,355,696"
600760,2022/10/20,67.82,68.72,66.85,67.4,"5,556,231","376,425,600"
600760,2022/10/21,67.41,69.69,66.8,67.8,"8,712,508","592,462,384"
600760,2022/10/24,69.19,72.83,69.19,71.91,"24,025,222","1,717,459,536"
600760,2022/10/25,71.8,73.01,70.93,71.74,"10,736,723","774,397,184"
600760,2022/10/26,71.7,72.98,70.87,72.02,"8,034,570","576,839,696"
600760,2022/10/27,72.15,72.15,69.99,71.3,"7,774,337","551,604,176"
600760,2022/10/28,70.35,72.58,70.03,70.69,"6,983,602","498,025,056"
600760,2022/10/31,70.69,73,65.98,72.46,"18,866,160","1,316,522,016"
600760,2022/11/1,72.1,72.61,68.08,68.77,"17,516,070","1,218,774,512"
600760,2022/11/2,68.63,68.7,65.94,67.63,"25,106,326","1,679,404,256"
600760,2022/11/3,66.84,69.63,66.8,68.37,"14,657,152","999,808,896"
600760,2022/11/4,68.38,68.8,67.51,68.65,"9,368,156","639,645,296"
600760,2022/11/7,68.89,68.98,66,66.32,"16,327,987","1,092,283,584"
600760,2022/11/8,66.3,67.44,66,67.26,"9,925,067","663,998,224"
600760,2022/11/9,68.3,68.62,66.45,66.53,"11,083,685","749,079,568"
600760,2022/11/10,65.93,66.3,65,65.31,"8,761,447","573,954,000"
600760,2022/11/11,66.5,66.8,65,66.31,"12,315,485","811,099,824"
600760,2022/11/14,66.31,66.9,65,65.74,"9,024,235","595,668,896"
600760,2022/11/15,65.21,66.3,65.2,66.17,"9,665,869","636,842,928"
600760,2022/11/16,66.18,68.36,66.18,67.1,"17,205,965","1,158,864,864"
600760,2022/11/17,66.33,66.76,64.1,65.85,"12,998,499","845,071,744"
600760,2022/11/18,65.39,65.98,64.16,64.29,"8,355,473","540,474,672"
600760,2022/11/21,64.27,64.7,63.6,64.45,"9,051,580","581,174,240"
600760,2022/11/22,64.44,66.94,64.2,65.59,"15,609,265","1,024,487,616"
600760,2022/11/23,65.7,66.55,64.61,66.16,"9,830,121","645,627,328"
600760,2022/11/24,66.1,66.5,65.11,65.38,"6,663,808","438,182,576"
600760,2022/11/25,65.48,65.58,64,64.13,"6,644,036","430,175,728"
600760,2022/11/28,63.11,65.16,63,64.68,"6,073,352","389,618,224"
600760,2022/11/29,65.7,67.07,64.51,64.71,"12,213,958","801,543,072"
600760,2022/11/30,65.28,65.5,62.16,62.23,"22,380,778","1,409,042,048"
600760,2022/12/1,62.02,62.79,61.37,62.72,"14,448,753","897,166,528"
600760,2022/12/2,62.36,62.39,61.66,61.88,"9,551,057","592,252,800"
600760,2022/12/5,62.16,62.35,60.3,60.86,"19,272,428","1,179,693,856"
600760,2022/12/6,60.45,61.35,59.46,61.35,"17,071,336","1,031,046,416"
600760,2022/12/7,61,62.2,60.83,62.2,"14,988,299","925,869,648"
600760,2022/12/8,62.29,62.36,60.58,60.72,"12,168,407","746,199,728"
600760,2022/12/9,60.72,61.08,59.46,59.64,"14,207,337","850,120,288"
600760,2022/12/12,59.44,60.49,58.6,60.02,"11,345,876","675,229,040"
600760,2022/12/13,60,60.01,59.01,59.18,"6,653,293","395,203,728"
600760,2022/12/14,59.11,60.15,59,59.65,"6,071,439","362,794,688"
600760,2022/12/15,59.38,60.09,59.38,59.72,"4,846,545","289,423,024"
600760,2022/12/16,59.59,59.7,58.3,58.63,"6,500,460","382,156,032"
600760,2022/12/19,58.51,58.94,57.55,57.74,"6,777,202","393,642,704"
600760,2022/12/20,57.71,58.67,57.7,58.53,"7,562,617","440,897,200"
600760,2022/12/21,58.49,59.27,58.02,58.37,"6,038,577","354,519,792"
600760,2022/12/22,58.15,59.2,57.1,58.4,"6,778,508","393,626,768"
600760,2022/12/23,58.02,58.3,56.1,56.45,"8,195,404","467,335,056"
600760,2022/12/26,56.5,59.22,56.5,59.18,"14,165,332","824,420,416"
600760,2022/12/27,59.1,59.63,58.53,58.98,"6,258,755","368,994,640"
600760,2022/12/28,58.99,58.99,57.24,57.6,"7,899,776","458,028,560"
600760,2022/12/29,57.7,59.5,57.3,58.48,"9,961,254","583,341,104"
600760,2022/12/30,58.47,59.26,58,58.63,"6,556,715","384,817,744"
600760,2023/1/3,58.41,60.6,58.32,60.43,"13,545,769","811,266,976"
600760,2023/1/4,60.36,60.38,59.22,59.75,"7,151,213","427,271,392"
600760,2023/1/5,59.76,60.29,59.55,60.18,"7,794,901","467,346,848"
600760,2023/1/6,59.86,60.2,59.77,60.03,"6,336,497","379,926,080"
600760,2023/1/9,60.04,60.41,58.16,58.48,"12,150,775","715,386,080"
600760,2023/1/10,58.55,58.89,57.38,57.68,"11,801,763","680,782,688"
600760,2023/1/11,57.51,58.5,57.27,57.65,"7,168,498","414,274,768"
600760,2023/1/12,58.6,58.9,57.36,57.53,"8,921,236","516,405,552"
600760,2023/1/13,57.66,57.88,57.22,57.73,"5,721,587","329,353,552"
600760,2023/1/16,57.75,58.67,57.55,58.4,"10,509,019","612,020,272"
600760,2023/1/17,58.6,59.1,57.98,58.85,"9,000,515","528,641,616"
600760,2023/1/18,58.85,59.09,58.61,58.85,"4,925,860","289,962,704"
600760,2023/1/19,58.3,59.65,58.3,59.54,"7,186,293","425,080,160"
600760,2023/1/20,59.54,59.96,59.28,59.57,"6,244,611","371,972,544"
600760,2023/1/30,60.38,61.9,59.85,61.24,"21,581,542","1,315,909,664"
600760,2023/1/31,60.78,61.31,60.7,61.06,"8,892,607","542,655,920"
600760,2023/2/1,61.13,61.3,60.35,61.3,"9,983,120","608,360,688"
600760,2023/2/2,61.59,61.78,59.82,59.99,"16,717,960","1,012,234,960"
600760,2023/2/3,60,60.54,59.21,60.47,"11,518,702","689,317,088"
600760,2023/2/6,60.1,60.94,59.77,59.91,"7,552,587","455,151,456"
600760,2023/2/7,60,60.34,59,59.38,"9,170,419","545,288,928"
600760,2023/2/8,59.4,59.45,58.49,58.49,"7,971,213","468,627,776"
600760,2023/2/9,58.42,59.28,58.28,59.13,"7,996,215","471,734,224"
600760,2023/2/10,58.99,59.1,58,58.26,"10,956,625","639,373,232"
600760,2023/2/13,58.26,58.86,58.07,58.4,"10,911,929","637,213,760"
600760,2023/2/14,58.3,58.33,57.6,58.02,"10,485,673","606,620,272"
600760,2023/2/15,58.03,58.5,57.68,58.44,"8,241,656","479,130,480"
600760,2023/2/16,58.23,58.63,57.03,57.54,"12,548,197","727,627,776"
600760,2023/2/17,57.48,57.63,56.5,56.79,"11,361,571","646,374,272"
600760,2023/2/20,56.67,57.26,56.51,57.14,"6,531,218","372,001,168"
600760,2023/2/21,57.16,58.17,57.16,57.93,"9,335,298","539,815,008"
600760,2023/2/22,57.58,58.17,57.5,57.73,"5,892,134","340,456,416"
600760,2023/2/23,57.83,57.85,57,57.2,"6,276,809","360,568,480"
600760,2023/2/24,57.48,59.23,57.48,58.44,"21,747,254","1,274,856,000"
600760,2023/2/27,58.6,58.78,57.48,57.79,"12,248,116","710,606,128"
600760,2023/2/28,57.77,58,57.38,57.82,"6,064,763","350,029,392"
600760,2023/3/1,57.7,57.98,57.64,57.94,"6,748,516","390,164,656"
600760,2023/3/2,57.94,58.4,57.44,57.71,"8,499,254","491,711,072"
600760,2023/3/3,57.71,59.04,57.46,59.03,"22,680,634","1,330,368,896"
600760,2023/3/6,60,60.16,58.38,59.26,"23,835,109","1,412,341,008"
600760,2023/3/7,59,59.16,58.11,58.25,"12,599,922","739,149,744"
600760,2023/3/8,57.98,58.9,57.69,58.78,"9,318,074","544,472,208"
600760,2023/3/9,58.66,58.78,56.79,57,"19,348,883","1,109,646,192"
600760,2023/3/10,56.7,57.17,56.6,56.66,"7,464,055","423,895,888"
600760,2023/3/13,56.58,56.98,56.25,56.86,"5,719,091","323,710,256"
600760,2023/3/14,56.75,56.79,54.6,55.57,"10,826,231","603,891,360"
600760,2023/3/15,55.87,55.87,54.89,55.06,"8,279,866","457,627,392"
600760,2023/3/16,54.7,55,53.16,53.5,"10,505,214","566,272,272"
600760,2023/3/17,53.74,54.11,53.13,53.67,"6,405,419","343,828,992"
600760,2023/3/20,53.89,54.49,53.55,53.93,"5,932,103","320,712,240"
600760,2023/3/21,54.78,56.9,54.61,55.56,"15,085,164","843,950,272"
600760,2023/3/22,55.5,55.5,54.5,54.85,"8,621,960","472,923,376"
600760,2023/3/23,54.6,55.2,54.26,55.19,"7,339,906","401,287,568"
600760,2023/3/24,55,55.19,54.73,54.82,"5,349,860","293,741,216"
600760,2023/3/27,54.88,54.9,53.88,54.03,"6,609,035","357,397,216"
600760,2023/3/28,54.17,54.46,53.35,53.54,"6,173,202","331,981,152"
600760,2023/3/29,53.57,53.59,53.01,53.42,"5,579,047","297,095,088"
600760,2023/3/30,53.45,53.69,53.11,53.68,"5,064,453","270,454,064"
600760,2023/3/31,53.73,54,53.48,53.84,"5,054,681","271,881,824"
600760,2023/4/3,53.84,54.6,53.69,54.37,"7,611,228","412,553,088"
600760,2023/4/4,54.34,54.55,53.4,53.88,"7,606,871","409,924,288"
600760,2023/4/6,53.73,54.27,53.39,54.2,"7,241,056","390,871,520"
600760,2023/4/7,54.24,54.6,54.17,54.38,"6,035,026","328,446,320"
600760,2023/4/10,55.2,55.62,54.61,54.81,"9,257,402","510,620,240"
600760,2023/4/11,54.81,55.11,54.51,54.75,"4,227,743","231,492,699"
600760,2023/4/12,54.76,55,54.5,54.78,"4,065,882","222,494,757"
600760,2023/4/13,54.82,55.22,54,54.99,"6,462,381","353,540,800"
600760,2023/4/14,55,55.1,54.4,54.85,"4,429,737","242,360,939"
600760,2023/4/17,54.76,55.6,54.4,55.57,"7,941,953","437,867,488"
600760,2023/4/18,55.6,57.36,55.33,56.55,"16,112,549","908,667,520"
600760,2023/4/19,56.48,56.74,55.85,56.21,"8,076,478","453,718,864"
600760,2023/4/20,56.06,56.2,55.4,55.82,"5,985,703","333,536,752"
600760,2023/4/21,55.59,57.5,55.55,56.61,"14,727,178","838,858,976"
600760,2023/4/24,56.3,57.5,55.25,56.95,"10,298,836","583,087,680"
600760,2023/4/25,57.48,57.89,56.69,56.89,"12,003,174","687,773,504"
600760,2023/4/26,56.67,57.41,56.11,57.25,"10,529,578","598,886,272"
600760,2023/4/27,57.26,57.7,56.71,57.45,"8,446,732","484,053,472"
600760,2023/4/28,57.16,57.71,57.13,57.51,"8,177,223","469,622,560"
600760,2023/5/4,57.33,57.85,56.6,56.61,"8,414,134","479,691,376"
600760,2023/5/5,56.56,56.95,55.65,56.01,"7,606,055","426,646,080"
600760,2023/5/8,56.01,58.73,55.98,58.62,"21,318,242","1,237,009,344"
600760,2023/5/9,58.95,61.62,58.85,59.16,"31,168,385","1,876,444,240"
600760,2023/5/10,59.14,59.14,56.66,57.32,"16,960,342","974,281,088"
600760,2023/5/11,57.05,57.86,56.81,57.49,"6,699,054","384,791,408"
600760,2023/5/12,57.41,57.46,56.35,57.15,"8,407,287","477,741,888"
600760,2023/5/15,57.01,59.95,56.82,59.79,"20,233,130","1,193,411,168"
600760,2023/5/16,59.65,60.23,59,59.79,"11,516,595","688,432,304"
600760,2023/5/17,59.75,61.65,59.13,60.72,"18,315,518","1,110,510,656"
600760,2023/5/18,60.71,60.72,59.75,59.84,"8,494,652","510,342,688"
600760,2023/5/19,59.59,60.67,59.24,59.61,"8,677,333","519,726,656"
600760,2023/5/22,59.61,60.24,58.8,59.43,"6,939,840","412,604,544"
600760,2023/5/23,59.5,59.55,58,58.06,"8,824,270","515,330,032"
600760,2023/5/24,57.7,58.96,57.3,58,"7,491,539","435,556,640"
