÷§»Ø¥˙¬Î,÷§»Ø√˚≥∆,Ωª“◊ ±º‰,ø™≈Ãº€,◊Ó∏ﬂº€,◊ÓµÕº€, ’≈Ãº€,’«µ¯,’«µ¯∑˘%,≥…Ωª¡ø,≥…Ωª∂Ó
600760,÷–∫Ω…Ú∑…,2020-01-02,22.4241,22.7126,22.1919,22.3748,0.1407,0.6329,"8,138,775","259,471,132"
600760,÷–∫Ω…Ú∑…,2020-01-03,22.4311,23.1770,22.2623,23.0503,0.6755,3.0189,"16,751,728","543,653,168"
600760,÷–∫Ω…Ú∑…,2020-01-06,23.5217,24.0635,23.1981,23.3247,0.2744,1.1905,"17,125,229","572,508,496"
600760,÷–∫Ω…Ú∑…,2020-01-07,23.2332,23.6062,22.9377,23.3388,0.0141,0.0603,"8,738,074","290,171,120"
600760,÷–∫Ω…Ú∑…,2020-01-08,23.9369,24.0424,23.1699,23.5851,0.2463,1.0552,"15,494,704","521,662,368"
600760,÷–∫Ω…Ú∑…,2020-01-09,22.9377,23.0081,22.5930,22.7970,-0.7880,-3.3413,"10,090,357","327,110,464"
600760,÷–∫Ω…Ú∑…,2020-01-10,22.7266,22.9237,22.1638,22.4945,-0.3026,-1.3272,"12,117,895","387,043,568"
600760,÷–∫Ω…Ú∑…,2020-01-13,22.7266,22.7266,22.2482,22.4593,-0.0352,-0.1564,"5,772,752","183,675,848"
600760,÷–∫Ω…Ú∑…,2020-01-14,22.4593,22.6141,22.0230,22.0653,-0.3940,-1.7544,"8,325,283","263,459,006"
600760,÷–∫Ω…Ú∑…,2020-01-15,22.0512,22.1075,21.5516,21.6712,-0.3940,-1.7857,"9,487,001","293,110,784"
600760,÷–∫Ω…Ú∑…,2020-01-16,21.7275,22.0301,21.4742,21.5164,-0.1548,-0.7143,"9,030,288","278,726,480"
600760,÷–∫Ω…Ú∑…,2020-01-17,21.5305,21.7275,21.3476,21.6079,0.0915,0.4251,"6,717,747","206,071,177"
600760,÷–∫Ω…Ú∑…,2020-01-20,21.5938,22.0230,21.5305,21.8753,0.2674,1.2374,"7,497,165","232,202,943"
600760,÷–∫Ω…Ú∑…,2020-01-21,21.8823,21.8823,21.0239,21.1365,-0.7388,-3.3773,"12,703,562","384,503,584"
600760,÷–∫Ω…Ú∑…,2020-01-22,21.1083,21.1646,20.6369,21.0380,-0.0985,-0.4660,"7,141,440","212,040,410"
600760,÷–∫Ω…Ú∑…,2020-01-23,20.7565,21.2491,20.2640,20.4047,-0.6333,-3.0100,"9,004,640","264,443,576"
600760,÷–∫Ω…Ú∑…,2020-02-03,18.3643,18.5120,18.3643,18.3643,-2.0405,-10.0000,"10,939,545","285,728,368"
600760,÷–∫Ω…Ú∑…,2020-02-04,17.5903,18.7583,17.5903,18.6598,0.2955,1.6092,"14,098,231","369,324,944"
600760,÷–∫Ω…Ú∑…,2020-02-05,18.6527,19.5041,18.6176,18.8146,0.1548,0.8296,"13,573,861","366,785,648"
600760,÷–∫Ω…Ú∑…,2020-02-06,18.8920,19.2930,18.6527,19.1804,0.3659,1.9446,"11,456,514","310,263,648"
600760,÷–∫Ω…Ú∑…,2020-02-07,19.1734,19.3141,18.9131,19.2790,0.0985,0.5136,"11,485,942","311,504,272"
600760,÷–∫Ω…Ú∑…,2020-02-10,19.2086,19.5674,19.1030,19.5604,0.2814,1.4599,"11,328,253","310,718,592"
600760,÷–∫Ω…Ú∑…,2020-02-11,19.6308,19.6659,19.2438,19.2578,-0.3026,-1.5468,"10,676,772","293,870,944"
600760,÷–∫Ω…Ú∑…,2020-02-12,19.2578,19.2649,18.9975,19.2227,-0.0352,-0.1827,"12,243,611","332,914,464"
600760,÷–∫Ω…Ú∑…,2020-02-13,19.3141,19.4197,18.8709,18.9271,-0.2955,-1.5373,"13,996,248","380,130,112"
600760,÷–∫Ω…Ú∑…,2020-02-14,18.9060,19.0960,18.7935,18.9553,0.0281,0.1487,"10,093,229","271,730,672"
600760,÷–∫Ω…Ú∑…,2020-02-17,19.1382,20.8128,19.1382,20.7354,1.7801,9.3912,"28,683,395","817,908,784"
600760,÷–∫Ω…Ú∑…,2020-02-18,20.9676,21.0732,20.0529,20.2781,-0.4573,-2.2056,"26,491,341","770,383,648"
600760,÷–∫Ω…Ú∑…,2020-02-19,20.0177,20.6721,19.7715,20.1655,-0.1126,-0.5552,"20,227,318","582,278,176"
600760,÷–∫Ω…Ú∑…,2020-02-20,20.2007,20.3907,19.8418,20.3203,0.1548,0.7676,"16,245,758","464,599,072"
600760,÷–∫Ω…Ú∑…,2020-02-21,20.3414,20.6510,20.1936,20.6228,0.3026,1.4889,"20,823,412","604,601,840"
600760,÷–∫Ω…Ú∑…,2020-02-24,20.6158,21.0943,20.3344,20.9817,0.3588,1.7400,"20,727,483","609,387,536"
600760,÷–∫Ω…Ú∑…,2020-02-25,20.5455,20.7284,19.8489,20.4118,-0.5699,-2.7163,"18,589,784","538,665,072"
600760,÷–∫Ω…Ú∑…,2020-02-26,20.1233,21.0661,19.9263,20.5595,0.1478,0.7239,"23,905,708","701,877,872"
600760,÷–∫Ω…Ú∑…,2020-02-27,20.6158,20.9676,20.0740,20.4469,-0.1126,-0.5476,"16,371,601","477,290,176"
600760,÷–∫Ω…Ú∑…,2020-02-28,19.8770,20.1796,19.1734,19.5604,-0.8866,-4.3359,"20,215,747","565,080,160"
600760,÷–∫Ω…Ú∑…,2020-03-02,19.6167,20.2288,19.3986,20.0248,0.4644,2.3741,"13,945,611","394,652,704"
600760,÷–∫Ω…Ú∑…,2020-03-03,20.2288,20.9113,20.1162,20.3555,0.3307,1.6514,"19,912,497","581,440,064"
600760,÷–∫Ω…Ú∑…,2020-03-04,20.2007,20.7495,20.1303,20.5525,0.1970,0.9678,"12,463,744","362,906,704"
600760,÷–∫Ω…Ú∑…,2020-03-05,20.7073,20.8128,20.4047,20.5736,0.0211,0.1027,"14,171,188","414,011,696"
600760,÷–∫Ω…Ú∑…,2020-03-06,20.2781,20.6017,20.2781,20.3484,-0.2252,-1.0944,"9,858,413","286,112,640"
600760,÷–∫Ω…Ú∑…,2020-03-09,20.0670,20.1655,19.2860,19.4126,-0.9358,-4.5989,"16,268,351","454,572,080"
600760,÷–∫Ω…Ú∑…,2020-03-10,19.1734,19.8629,19.0468,19.8629,0.4503,2.3197,"11,040,815","305,920,464"
600760,÷–∫Ω…Ú∑…,2020-03-11,20.6580,21.8471,20.5666,21.8471,1.9842,9.9894,"58,284,407","1,785,804,656"
600760,÷–∫Ω…Ú∑…,2020-03-12,21.3194,22.3748,21.0309,21.6220,-0.2252,-1.0306,"44,005,953","1,357,005,808"
600760,÷–∫Ω…Ú∑…,2020-03-13,21.1083,22.1497,20.6158,21.6290,0.0070,0.0325,"30,843,033","944,903,360"
600760,÷–∫Ω…Ú∑…,2020-03-16,21.7346,22.1497,20.7847,20.8902,-0.7388,-3.4157,"24,454,036","748,593,936"
600760,÷–∫Ω…Ú∑…,2020-03-17,21.1083,21.4953,19.4971,19.9896,-0.9006,-4.3112,"22,498,691","647,109,728"
600760,÷–∫Ω…Ú∑…,2020-03-18,20.1866,20.2922,19.1171,19.1171,-0.8725,-4.3647,"21,939,097","617,506,096"
600760,÷–∫Ω…Ú∑…,2020-03-19,19.1030,19.4056,18.7161,19.2790,0.1618,0.8465,"14,458,500","392,975,552"
600760,÷–∫Ω…Ú∑…,2020-03-20,19.4900,19.5182,18.9834,19.2016,-0.0774,-0.4015,"12,528,029","342,240,512"
600760,÷–∫Ω…Ú∑…,2020-03-23,18.6457,19.1030,18.6246,18.7161,-0.4855,-2.5284,"10,107,089","271,381,728"
600760,÷–∫Ω…Ú∑…,2020-03-24,19.0819,19.3282,18.4628,19.3212,0.6051,3.2331,"13,242,978","357,124,864"
600760,÷–∫Ω…Ú∑…,2020-03-25,19.4900,19.5463,19.2297,19.5252,0.2040,1.0561,"10,429,080","287,735,760"
600760,÷–∫Ω…Ú∑…,2020-03-26,19.3563,19.6378,19.2438,19.3915,-0.1337,-0.6847,"7,016,310","193,493,125"
600760,÷–∫Ω…Ú∑…,2020-03-27,19.5674,19.9826,19.4408,19.6870,0.2955,1.5239,"9,722,822","272,089,200"
600760,÷–∫Ω…Ú∑…,2020-03-30,19.4900,20.7565,19.4197,20.3695,0.6825,3.4668,"16,843,469","481,257,584"
600760,÷–∫Ω…Ú∑…,2020-03-31,20.3484,20.5103,19.9896,20.1444,-0.2252,-1.1054,"10,737,081","308,490,304"
600760,÷–∫Ω…Ú∑…,2020-04-01,20.0529,20.1655,19.5745,19.6096,-0.5347,-2.6546,"9,359,364","263,838,009"
600760,÷–∫Ω…Ú∑…,2020-04-02,19.4971,19.9122,19.4971,19.8911,0.2814,1.4352,"5,804,052","163,197,081"
600760,÷–∫Ω…Ú∑…,2020-04-03,19.8418,20.2992,19.7926,19.9403,0.0493,0.2476,"6,742,608","192,078,370"
600760,÷–∫Ω…Ú∑…,2020-04-07,20.2499,21.1787,20.1585,21.1646,1.2243,6.1397,"19,590,216","576,570,080"
600760,÷–∫Ω…Ú∑…,2020-04-08,20.8832,21.7416,20.8269,21.5305,0.3659,1.7287,"18,800,339","570,509,248"
600760,÷–∫Ω…Ú∑…,2020-04-09,21.6642,22.0019,21.3968,21.8120,0.2814,1.3072,"17,178,815","531,033,120"
600760,÷–∫Ω…Ú∑…,2020-04-10,21.8120,22.2763,21.6712,22.0582,0.2463,1.1290,"18,538,589","578,288,880"
600760,÷–∫Ω…Ú∑…,2020-04-13,21.8823,22.4100,21.5235,22.0090,-0.0493,-0.2233,"12,565,264","391,920,176"
600760,÷–∫Ω…Ú∑…,2020-04-14,22.0582,22.2552,21.8120,22.1638,0.1548,0.7033,"11,499,730","360,316,704"
600760,÷–∫Ω…Ú∑…,2020-04-15,22.2974,22.4100,21.6712,22.0160,-0.1478,-0.6667,"11,258,795","353,677,104"
600760,÷–∫Ω…Ú∑…,2020-04-16,21.8331,24.1128,21.8120,23.3247,1.3087,5.9444,"31,038,716","1,022,175,584"
600760,÷–∫Ω…Ú∑…,2020-04-17,23.1066,23.2544,21.8260,21.8823,-1.4424,-6.1840,"25,746,403","822,631,536"
600760,÷–∫Ω…Ú∑…,2020-04-20,21.8964,22.1708,21.6360,22.0301,0.1478,0.6752,"13,727,419","428,102,352"
600760,÷–∫Ω…Ú∑…,2020-04-21,21.8471,22.4945,21.8331,22.0793,0.0493,0.2236,"13,236,357","415,851,104"
600760,÷–∫Ω…Ú∑…,2020-04-22,21.9527,22.2693,21.5798,22.0793,0.0000,0.0000,"8,245,692","257,371,870"
600760,÷–∫Ω…Ú∑…,2020-04-23,21.9738,22.6211,21.8120,22.1567,0.0774,0.3505,"13,415,555","424,633,328"
600760,÷–∫Ω…Ú∑…,2020-04-24,22.1638,22.3256,21.6431,22.0301,-0.1267,-0.5716,"11,638,268","363,031,744"
600760,÷–∫Ω…Ú∑…,2020-04-27,22.3748,22.8674,22.0371,22.3186,0.2885,1.3095,"22,657,282","722,743,600"
600760,÷–∫Ω…Ú∑…,2020-04-28,22.3397,23.3951,21.8331,23.1840,0.8654,3.8777,"25,455,022","826,438,944"
600760,÷–∫Ω…Ú∑…,2020-04-29,22.9729,23.6413,22.9237,23.4865,0.3026,1.3050,"16,413,693","544,720,480"
600760,÷–∫Ω…Ú∑…,2020-04-30,23.3599,24.0072,23.2332,23.5639,0.0774,0.3295,"16,819,732","567,491,392"
600760,÷–∫Ω…Ú∑…,2020-05-06,23.5428,24.6686,23.5428,24.4857,0.9217,3.9116,"18,758,664","646,096,624"
600760,÷–∫Ω…Ú∑…,2020-05-07,24.4223,24.4927,23.9439,24.2042,-0.2814,-1.1494,"10,974,529","378,451,056"
600760,÷–∫Ω…Ú∑…,2020-05-08,24.2887,24.5912,24.0635,24.1690,-0.0352,-0.1454,"11,898,220","411,315,088"
600760,÷–∫Ω…Ú∑…,2020-05-11,24.3661,25.0415,24.2816,24.5560,0.3870,1.6012,"12,898,988","452,147,344"
600760,÷–∫Ω…Ú∑…,2020-05-12,24.6053,24.8234,24.1550,24.4505,-0.1055,-0.4298,"9,889,977","343,393,696"
600760,÷–∫Ω…Ú∑…,2020-05-13,24.2605,24.6968,24.1902,24.6194,0.1689,0.6906,"7,935,847","276,529,488"
600760,÷–∫Ω…Ú∑…,2020-05-14,24.5912,24.8727,24.2535,24.7108,0.0915,0.3715,"9,261,989","323,483,568"
600760,÷–∫Ω…Ú∑…,2020-05-15,24.6264,24.6968,24.1198,24.3801,-0.3307,-1.3383,"10,391,270","359,986,640"
600760,÷–∫Ω…Ú∑…,2020-05-18,24.3801,25.4215,24.3098,25.0486,0.6684,2.7417,"16,535,889","590,630,976"
600760,÷–∫Ω…Ú∑…,2020-05-19,25.0486,25.2948,24.8023,25.2667,0.2181,0.8708,"9,713,855","345,723,712"
600760,÷–∫Ω…Ú∑…,2020-05-20,25.1611,25.3722,23.7117,24.0213,-1.2454,-4.9290,"20,577,919","712,125,824"
600760,÷–∫Ω…Ú∑…,2020-05-21,24.0565,24.3450,23.8172,23.9369,-0.0844,-0.3515,"12,403,253","424,086,848"
600760,÷–∫Ω…Ú∑…,2020-05-22,23.8524,24.0987,23.0292,23.0714,-0.8654,-3.6155,"11,966,954","399,354,896"
600760,÷–∫Ω…Ú∑…,2020-05-25,23.1629,23.5710,23.0011,23.1981,0.1267,0.5490,"8,490,796","281,308,080"
600760,÷–∫Ω…Ú∑…,2020-05-26,23.3388,23.4232,23.0785,23.3388,0.1407,0.6066,"7,411,775","245,110,733"
600760,÷–∫Ω…Ú∑…,2020-05-27,23.2262,23.5077,23.1207,23.2473,-0.0915,-0.3919,"7,418,077","245,483,178"
600760,÷–∫Ω…Ú∑…,2020-05-28,23.2755,23.4021,22.8252,23.4021,0.1548,0.6659,"9,462,999","311,435,552"
600760,÷–∫Ω…Ú∑…,2020-05-29,23.4021,23.6413,23.1910,23.6413,0.2392,1.0222,"8,024,650","267,149,583"
600760,÷–∫Ω…Ú∑…,2020-06-01,23.4303,24.0283,23.2403,23.9298,0.2885,1.2202,"11,725,004","395,822,400"
600760,÷–∫Ω…Ú∑…,2020-06-02,23.8454,24.2324,23.6413,23.6906,-0.2392,-0.9997,"7,478,605","253,901,793"
600760,÷–∫Ω…Ú∑…,2020-06-03,23.6976,23.8454,23.2684,23.4373,-0.2533,-1.0692,"8,314,608","278,369,952"
600760,÷–∫Ω…Ú∑…,2020-06-04,23.5006,23.5499,22.9377,22.9799,-0.4573,-1.9514,"9,816,228","323,289,072"
600760,÷–∫Ω…Ú∑…,2020-06-05,22.9799,23.1136,22.7407,22.9096,-0.0704,-0.3062,"4,810,723","156,534,255"
600760,÷–∫Ω…Ú∑…,2020-06-08,23.0151,23.5217,22.5859,23.1981,0.2885,1.2592,"11,378,745","373,264,704"
600760,÷–∫Ω…Ú∑…,2020-06-09,23.2192,23.2825,22.6563,23.0503,-0.1478,-0.6370,"8,684,534","283,424,208"
600760,÷–∫Ω…Ú∑…,2020-06-10,23.0011,23.1629,22.6563,22.9659,-0.0844,-0.3663,"7,998,145","259,976,246"
600760,÷–∫Ω…Ú∑…,2020-06-11,22.9729,23.0714,22.6563,22.8111,-0.1548,-0.6740,"7,007,788","228,137,892"
600760,÷–∫Ω…Ú∑…,2020-06-12,22.5789,22.9729,22.4171,22.9729,0.1618,0.7094,"7,937,771","256,925,286"
600760,÷–∫Ω…Ú∑…,2020-06-15,22.9307,22.9307,22.4311,22.4311,-0.5418,-2.3584,"7,563,911","243,532,246"
600760,÷–∫Ω…Ú∑…,2020-06-16,22.5226,22.9096,22.5226,22.7970,0.3659,1.6311,"8,024,944","259,387,513"
600760,÷–∫Ω…Ú∑…,2020-06-17,23.1840,23.7539,22.9377,23.5077,0.7106,3.1173,"17,568,658","584,951,024"
600760,÷–∫Ω…Ú∑…,2020-06-18,23.2262,23.2544,22.5085,22.7126,-0.7951,-3.3822,"14,407,207","465,470,144"
600760,÷–∫Ω…Ú∑…,2020-06-19,22.6550,22.7398,22.5348,22.7256,0.0131,0.0575,"8,142,118","260,707,181"
600760,÷–∫Ω…Ú∑…,2020-06-22,22.7186,22.8670,22.6196,22.8458,0.1202,0.5288,"8,271,998","266,346,736"
600760,÷–∫Ω…Ú∑…,2020-06-23,22.8175,23.1215,22.6196,23.1144,0.2686,1.1757,"8,718,955","282,134,192"
600760,÷–∫Ω…Ú∑…,2020-06-24,23.1144,23.1144,22.7256,22.7963,-0.3181,-1.3761,"7,041,307","227,804,480"
600760,÷–∫Ω…Ú∑…,2020-06-29,22.6903,23.2911,22.5560,23.0649,0.2686,1.1783,"9,307,129","302,709,152"
600760,÷–∫Ω…Ú∑…,2020-06-30,23.1073,23.2911,22.9589,23.1992,0.1343,0.5823,"8,477,488","277,698,480"
600760,÷–∫Ω…Ú∑…,2020-07-01,23.3265,23.8920,23.1144,23.8920,0.6927,2.9860,"15,726,575","522,264,576"
600760,÷–∫Ω…Ú∑…,2020-07-02,23.9273,23.9273,23.6375,23.7435,-0.1484,-0.6213,"12,988,644","436,400,720"
600760,÷–∫Ω…Ú∑…,2020-07-03,23.8778,25.3410,23.7859,24.8957,1.1522,4.8526,"25,846,467","903,664,320"
600760,÷–∫Ω…Ú∑…,2020-07-06,25.3764,27.3839,25.3764,27.3839,2.4882,9.9943,"28,138,099","1,075,764,128"
600760,÷–∫Ω…Ú∑…,2020-07-07,28.7693,30.1194,28.4230,30.1194,2.7356,9.9897,"25,667,441","1,066,718,304"
600760,÷–∫Ω…Ú∑…,2020-07-08,31.6250,33.1307,31.2433,33.1307,3.0112,9.9976,"27,090,077","1,247,938,704"
600760,÷–∫Ω…Ú∑…,2020-07-09,36.4458,36.4458,36.4458,36.4458,3.3152,10.0064,"3,021,109","155,768,380"
600760,÷–∫Ω…Ú∑…,2020-07-10,40.0933,40.0933,40.0933,40.0933,3.6474,10.0078,"8,391,490","475,965,312"
600760,÷–∫Ω…Ú∑…,2020-07-13,38.8775,42.3269,36.1772,41.3515,1.2582,3.1382,"79,636,567","4,369,316,864"
600760,÷–∫Ω…Ú∑…,2020-07-14,40.2912,45.4866,39.9448,41.7332,0.3817,0.9231,"74,467,491","4,464,470,528"
600760,÷–∫Ω…Ú∑…,2020-07-15,42.2068,43.8396,38.6654,40.4962,-1.2370,-2.9641,"59,840,479","3,543,923,232"
600760,÷–∫Ω…Ú∑…,2020-07-16,39.2662,41.7261,36.6014,38.2130,-2.2832,-5.6380,"53,942,422","3,022,328,368"
600760,÷–∫Ω…Ú∑…,2020-07-17,38.5240,42.0371,36.8982,42.0371,3.8241,10.0074,"55,323,777","3,170,242,176"
600760,÷–∫Ω…Ú∑…,2020-07-20,43.6841,46.2430,43.5427,46.2430,4.2058,10.0050,"17,992,156","1,152,175,840"
600760,÷–∫Ω…Ú∑…,2020-07-21,49.7631,50.8234,42.8783,43.0055,-3.2374,-7.0009,"75,968,691","4,918,441,984"
600760,÷–∫Ω…Ú∑…,2020-07-22,42.4047,45.5149,42.4047,43.6417,0.6362,1.4793,"59,506,312","3,714,663,712"
600760,÷–∫Ω…Ú∑…,2020-07-23,44.5041,48.0031,42.7581,48.0031,4.3613,9.9935,"67,866,270","4,418,942,208"
600760,÷–∫Ω…Ú∑…,2020-07-24,49.2189,52.6613,45.9461,46.5116,-1.4915,-3.1071,"79,536,085","5,624,794,880"
600760,÷–∫Ω…Ú∑…,2020-07-27,45.3170,48.5473,42.1644,46.6176,0.1060,0.2280,"52,474,483","3,346,061,616"
600760,÷–∫Ω…Ú∑…,2020-07-28,45.5220,47.6214,44.2001,45.0625,-1.5551,-3.3359,"34,487,175","2,227,173,632"
600760,÷–∫Ω…Ú∑…,2020-07-29,44.5324,46.2500,43.6417,45.7340,0.6715,1.4902,"37,441,027","2,385,796,144"
600760,÷–∫Ω…Ú∑…,2020-07-30,45.5856,48.0101,44.2072,46.3349,0.6008,1.3138,"42,506,329","2,757,418,944"
600760,÷–∫Ω…Ú∑…,2020-07-31,46.0521,46.3349,44.4829,45.1897,-1.1451,-2.4714,"30,118,600","1,928,846,352"
600760,÷–∫Ω…Ú∑…,2020-08-03,45.8401,49.4380,44.8999,48.6251,3.4354,7.6021,"48,370,324","3,268,693,936"
600760,÷–∫Ω…Ú∑…,2020-08-04,47.3669,47.6426,45.0978,45.0978,-3.5272,-7.2540,"40,992,077","2,667,293,680"
600760,÷–∫Ω…Ú∑…,2020-08-05,44.4475,46.7802,43.8326,45.7694,0.6715,1.4890,"33,247,891","2,151,816,688"
600760,÷–∫Ω…Ú∑…,2020-08-06,45.5927,50.3498,45.5078,50.3498,4.5805,10.0077,"63,596,725","4,405,234,176"
600760,÷–∫Ω…Ú∑…,2020-08-07,48.7735,54.7748,47.1195,51.8837,1.5339,3.0465,"61,493,100","4,360,990,208"
600760,÷–∫Ω…Ú∑…,2020-08-10,50.9365,55.6301,49.1270,49.1623,-2.7214,-5.2452,"51,654,670","3,794,724,848"
600760,÷–∫Ω…Ú∑…,2020-08-11,47.7839,50.7528,46.8297,47.9253,-1.2370,-2.5162,"34,128,969","2,342,007,552"
600760,÷–∫Ω…Ú∑…,2020-08-12,47.3598,49.1270,44.9989,46.4126,-1.5127,-3.1563,"32,240,299","2,139,178,496"
600760,÷–∫Ω…Ú∑…,2020-08-13,46.6388,47.5012,45.5078,45.8471,-0.5655,-1.2184,"27,108,390","1,788,694,224"
600760,÷–∫Ω…Ú∑…,2020-08-14,45.2322,48.2222,44.8151,46.7590,0.9119,1.9889,"30,366,724","2,010,358,016"
600760,÷–∫Ω…Ú∑…,2020-08-17,46.6529,48.6887,45.6633,48.0949,1.3360,2.8571,"29,964,713","2,010,054,656"
600760,÷–∫Ω…Ú∑…,2020-08-18,47.6143,49.8480,47.5719,48.1162,0.0212,0.0441,"26,601,178","1,824,536,304"
600760,÷–∫Ω…Ú∑…,2020-08-19,47.6355,47.7769,45.3665,45.4725,-2.6437,-5.4943,"25,551,866","1,679,045,392"
600760,÷–∫Ω…Ú∑…,2020-08-20,45.2392,45.9319,42.1997,42.3482,-3.1243,-6.8708,"34,742,919","2,137,510,656"
600760,÷–∫Ω…Ú∑…,2020-08-21,43.0412,43.6491,42.0375,42.6878,0.3396,0.8020,"22,156,288","1,343,558,224"
600760,÷–∫Ω…Ú∑…,2020-08-24,43.0836,43.6774,42.1082,42.8574,0.1696,0.3974,"13,294,308","804,075,024"
600760,÷–∫Ω…Ú∑…,2020-08-25,42.8716,43.0342,40.6803,41.1398,-1.7177,-4.0079,"22,869,956","1,341,673,904"
600760,÷–∫Ω…Ú∑…,2020-08-26,41.4225,42.0516,40.2067,40.5319,-0.6079,-1.4777,"14,512,955","841,651,664"
600760,÷–∫Ω…Ú∑…,2020-08-27,40.9772,41.3306,40.3622,40.9277,0.3958,0.9766,"13,106,465","757,994,512"
600760,÷–∫Ω…Ú∑…,2020-08-28,41.1889,42.6238,40.6587,41.4222,0.4944,1.2081,"21,544,462","1,261,411,712"
600760,÷–∫Ω…Ú∑…,2020-08-31,41.4575,42.9490,40.6446,41.7403,0.3181,0.7679,"28,170,981","1,671,943,184"
600760,÷–∫Ω…Ú∑…,2020-09-01,41.9594,43.2317,41.4999,42.5531,0.8129,1.9475,"29,923,881","1,803,831,728"
600760,÷–∫Ω…Ú∑…,2020-09-02,42.4825,42.4895,40.3619,40.6446,-1.9085,-4.4851,"24,485,463","1,426,432,736"
600760,÷–∫Ω…Ú∑…,2020-09-03,40.2841,40.6093,39.2874,40.2205,-0.4241,-1.0435,"19,219,686","1,082,949,664"
600760,÷–∫Ω…Ú∑…,2020-09-04,39.5843,40.8001,39.4854,40.4750,0.2545,0.6327,"13,589,552","774,247,456"
600760,÷–∫Ω…Ú∑…,2020-09-07,40.4750,40.4750,38.7432,38.9835,-1.4915,-3.6849,"13,298,288","742,999,056"
600760,÷–∫Ω…Ú∑…,2020-09-08,38.9835,39.7257,38.5311,39.5985,0.6150,1.5775,"10,733,237","594,144,320"
600760,÷–∫Ω…Ú∑…,2020-09-09,38.8845,42.3411,38.7856,40.9698,1.3713,3.4631,"26,719,948","1,535,708,112"
600760,÷–∫Ω…Ú∑…,2020-09-10,40.8567,40.8708,39.0047,39.0471,-1.9227,-4.6929,"15,313,387","866,320,528"
600760,÷–∫Ω…Ú∑…,2020-09-11,38.7432,39.3581,37.2941,38.0787,-0.9684,-2.4801,"20,180,317","1,085,987,808"
600760,÷–∫Ω…Ú∑…,2020-09-14,38.0787,38.5170,37.3648,37.5556,-0.5231,-1.3737,"13,236,383","708,280,080"
600760,÷–∫Ω…Ú∑…,2020-09-15,37.6404,38.2413,37.3577,38.1070,0.5514,1.4681,"11,048,198","591,268,080"
600760,÷–∫Ω…Ú∑…,2020-09-16,38.1565,38.3190,37.3930,37.4779,-0.6291,-1.6509,"8,820,142","470,584,672"
600760,÷–∫Ω…Ú∑…,2020-09-17,37.6263,38.2483,36.8629,37.6758,0.1979,0.5281,"10,595,304","562,806,944"
600760,÷–∫Ω…Ú∑…,2020-09-18,38.0292,39.3369,37.8172,39.2167,1.5410,4.0901,"18,519,262","1,019,362,608"
600760,÷–∫Ω…Ú∑…,2020-09-21,40.1074,42.8147,40.0791,41.2808,2.0640,5.2632,"30,253,872","1,781,996,256"
600760,÷–∫Ω…Ú∑…,2020-09-22,40.3336,40.5244,39.2450,39.5278,-1.7530,-4.2466,"14,736,820","827,940,512"
600760,÷–∫Ω…Ú∑…,2020-09-23,39.2804,39.9236,38.5947,39.6479,0.1202,0.3040,"9,665,260","536,201,344"
600760,÷–∫Ω…Ú∑…,2020-09-24,39.0259,39.4005,38.0575,38.1777,-1.4703,-3.7083,"9,423,111","514,433,232"
600760,÷–∫Ω…Ú∑…,2020-09-25,38.4533,38.9340,38.0222,38.0999,-0.0778,-0.2037,"8,024,944","435,344,512"
600760,÷–∫Ω…Ú∑…,2020-09-28,38.0292,38.8633,37.7253,38.2413,0.1414,0.3710,"7,958,902","431,400,432"
600760,÷–∫Ω…Ú∑…,2020-09-29,38.8068,40.8425,38.5876,40.5103,2.2690,5.9335,"20,430,617","1,159,214,048"
600760,÷–∫Ω…Ú∑…,2020-09-30,40.5739,40.7718,39.6762,40.4962,-0.0141,-0.0349,"11,234,196","640,709,664"
600760,÷–∫Ω…Ú∑…,2020-10-09,40.9980,41.1677,40.0508,41.1677,0.6715,1.6582,"14,176,070","815,592,016"
600760,÷–∫Ω…Ú∑…,2020-10-12,41.8816,45.2392,41.3727,43.6700,2.5023,6.0783,"29,516,175","1,809,232,624"
600760,÷–∫Ω…Ú∑…,2020-10-13,43.1186,44.1082,42.7652,44.0093,0.3393,0.7770,"13,811,273","847,890,432"
600760,÷–∫Ω…Ú∑…,2020-10-14,44.6172,46.7943,44.2637,45.5573,1.5480,3.5175,"27,607,382","1,779,336,624"
600760,÷–∫Ω…Ú∑…,2020-10-15,45.0554,46.3349,45.0554,45.3453,-0.2121,-0.4655,"16,040,332","1,037,457,312"
600760,÷–∫Ω…Ú∑…,2020-10-16,45.2392,45.8047,42.7652,42.9490,-2.3963,-5.2845,"17,390,174","1,076,375,712"
600760,÷–∫Ω…Ú∑…,2020-10-19,43.4226,43.5781,42.4613,43.1540,0.2050,0.4773,"11,145,569","681,013,328"
600760,÷–∫Ω…Ú∑…,2020-10-20,43.1186,43.3307,41.8746,43.1186,-0.0353,-0.0819,"12,269,374","740,272,624"
600760,÷–∫Ω…Ú∑…,2020-10-21,43.0621,43.2317,40.9627,41.3161,-1.8025,-4.1803,"14,020,983","830,250,320"
600760,÷–∫Ω…Ú∑…,2020-10-22,41.2101,41.2667,39.7257,41.0334,-0.2827,-0.6843,"9,166,982","525,781,168"
600760,÷–∫Ω…Ú∑…,2020-10-23,41.0334,41.4858,39.3793,39.5278,-1.5056,-3.6693,"8,729,740","497,926,864"
600760,÷–∫Ω…Ú∑…,2020-10-26,39.5631,40.3407,39.1390,40.2841,0.7563,1.9135,"7,646,155","431,858,464"
600760,÷–∫Ω…Ú∑…,2020-10-27,39.9377,40.7012,39.5914,40.3972,0.1131,0.2807,"8,515,869","483,576,416"
600760,÷–∫Ω…Ú∑…,2020-10-28,40.4750,40.4891,39.2309,40.2629,-0.1343,-0.3325,"8,116,602","457,539,248"
600760,÷–∫Ω…Ú∑…,2020-10-29,39.5843,40.0226,39.2662,39.9236,-0.3393,-0.8427,"7,721,999","433,449,024"
600760,÷–∫Ω…Ú∑…,2020-10-30,40.6658,41.3515,36.4034,36.6367,-3.2869,-8.2330,"26,223,745","1,428,069,120"
600760,÷–∫Ω…Ú∑…,2020-11-02,36.3822,37.3789,35.6966,37.1598,0.5231,1.4277,"14,479,260","755,985,952"
600760,÷–∫Ω…Ú∑…,2020-11-03,37.1598,38.3402,36.9689,38.0999,0.9401,2.5300,"11,278,881","603,007,552"
600760,÷–∫Ω…Ú∑…,2020-11-04,38.0858,40.3831,37.6687,39.6479,1.5480,4.0631,"16,465,765","909,448,096"
600760,÷–∫Ω…Ú∑…,2020-11-05,38.9128,39.5702,38.0009,38.5876,-1.0603,-2.6743,"11,830,927","646,921,920"
600760,÷–∫Ω…Ú∑…,2020-11-06,37.8172,38.6301,36.4176,37.0750,-1.5127,-3.9201,"14,429,468","759,051,856"
600760,÷–∫Ω…Ú∑…,2020-11-09,36.7569,38.1635,36.3822,37.7535,0.6786,1.8303,"11,702,798","619,016,064"
600760,÷–∫Ω…Ú∑…,2020-11-10,37.6051,37.9656,36.9053,37.0962,-0.6574,-1.7412,"8,157,799","429,624,992"
600760,÷–∫Ω…Ú∑…,2020-11-11,36.9689,37.5344,36.0500,36.1914,-0.9048,-2.4390,"9,361,296","485,059,392"
600760,÷–∫Ω…Ú∑…,2020-11-12,36.2691,37.1386,36.1066,36.5589,0.3676,1.0156,"6,342,212","328,386,816"
600760,÷–∫Ω…Ú∑…,2020-11-13,36.5589,37.9585,36.2338,37.2022,0.6432,1.7595,"13,031,236","685,355,968"
600760,÷–∫Ω…Ú∑…,2020-11-16,37.3082,39.0895,37.3082,37.9585,0.7563,2.0331,"16,219,166","873,500,560"
600760,÷–∫Ω…Ú∑…,2020-11-17,37.8172,37.8172,35.4845,35.9793,-1.9792,-5.2141,"15,690,918","800,964,560"
600760,÷–∫Ω…Ú∑…,2020-11-18,36.0500,36.5731,35.5411,36.4105,0.4312,1.1984,"8,956,352","458,419,936"
600760,÷–∫Ω…Ú∑…,2020-11-19,36.0500,39.9377,35.7036,39.4217,3.0112,8.2702,"28,626,637","1,561,386,368"
600760,÷–∫Ω…Ú∑…,2020-11-20,39.4147,40.9839,38.8209,39.6338,0.2121,0.5379,"24,906,462","1,401,177,536"
600760,÷–∫Ω…Ú∑…,2020-11-23,39.2309,40.3407,38.8775,39.5631,-0.0707,-0.1783,"15,367,450","862,572,272"
600760,÷–∫Ω…Ú∑…,2020-11-24,39.4217,40.4962,38.5028,38.7432,-0.8200,-2.0725,"14,264,049","795,731,520"
600760,÷–∫Ω…Ú∑…,2020-11-25,38.3827,38.6442,37.3224,37.3577,-1.3855,-3.5760,"10,574,050","566,184,816"
600760,÷–∫Ω…Ú∑…,2020-11-26,37.6051,38.6018,36.9760,38.2837,0.9260,2.4787,"12,910,184","692,977,744"
600760,÷–∫Ω…Ú∑…,2020-11-27,38.3120,42.1149,38.0646,42.1078,3.8241,9.9889,"40,142,818","2,345,954,784"
600760,÷–∫Ω…Ú∑…,2020-11-30,42.2704,44.3556,41.1465,42.9278,0.8200,1.9473,"40,618,660","2,477,785,152"
600760,÷–∫Ω…Ú∑…,2020-12-01,42.9278,45.4371,42.5531,44.3415,1.4137,3.2933,"27,788,437","1,737,396,736"
600760,÷–∫Ω…Ú∑…,2020-12-02,43.8255,45.5502,43.4721,44.1153,-0.2262,-0.5101,"24,746,237","1,555,092,480"
600760,÷–∫Ω…Ú∑…,2020-12-03,43.9669,44.4899,43.5074,44.1789,0.0636,0.1442,"13,539,213","842,076,912"
600760,÷–∫Ω…Ú∑…,2020-12-04,43.5003,44.7444,42.5390,44.3203,0.1414,0.3200,"17,765,696","1,098,385,648"
600760,÷–∫Ω…Ú∑…,2020-12-07,44.1648,44.6667,43.1540,44.3768,0.0565,0.1276,"18,404,254","1,147,105,328"
600760,÷–∫Ω…Ú∑…,2020-12-08,43.9739,46.1581,43.1964,43.8962,-0.4807,-1.0831,"17,697,262","1,111,861,552"
600760,÷–∫Ω…Ú∑…,2020-12-09,43.4014,44.3203,41.1960,41.3515,-2.5447,-5.7971,"21,124,908","1,275,498,368"
600760,÷–∫Ω…Ú∑…,2020-12-10,41.5847,43.8043,41.3515,43.0409,1.6894,4.0855,"18,489,986","1,117,519,248"
600760,÷–∫Ω…Ú∑…,2020-12-11,43.0621,43.2600,40.9980,41.7968,-1.2441,-2.8905,"12,294,437","727,999,840"
600760,÷–∫Ω…Ú∑…,2020-12-14,41.6484,45.8047,41.6484,44.7798,2.9830,7.1368,"23,668,393","1,490,003,216"
600760,÷–∫Ω…Ú∑…,2020-12-15,45.2322,46.9003,44.2850,45.6845,0.9048,2.0205,"22,533,439","1,460,838,960"
600760,÷–∫Ω…Ú∑…,2020-12-16,45.2392,46.1793,44.2637,45.1332,-0.5513,-1.2069,"17,609,017","1,122,375,424"
600760,÷–∫Ω…Ú∑…,2020-12-17,44.6030,45.0625,43.2459,44.8080,-0.3252,-0.7204,"14,152,015","887,277,248"
600760,÷–∫Ω…Ú∑…,2020-12-18,44.6242,45.1685,43.5781,43.9174,-0.8906,-1.9877,"13,843,175","869,522,624"
600760,÷–∫Ω…Ú∑…,2020-12-21,44.9494,47.6214,44.1789,47.5012,3.5838,8.1603,"24,696,175","1,617,757,888"
600760,÷–∫Ω…Ú∑…,2020-12-22,47.2750,48.5120,46.4409,46.4409,-1.0603,-2.2321,"19,592,274","1,316,382,624"
600760,÷–∫Ω…Ú∑…,2020-12-23,46.9357,51.0850,46.0875,51.0850,4.6441,10.0000,"31,329,273","2,176,910,288"
600760,÷–∫Ω…Ú∑…,2020-12-24,52.1665,55.8492,51.0708,51.6787,0.5938,1.1623,"40,392,181","3,055,425,408"
600760,÷–∫Ω…Ú∑…,2020-12-25,52.3078,53.2480,50.1307,52.7320,1.0532,2.0380,"23,332,505","1,712,935,184"
600760,÷–∫Ω…Ú∑…,2020-12-28,52.6613,54.7819,50.7528,51.7777,-0.9543,-1.8097,"29,328,416","2,163,628,096"
600760,÷–∫Ω…Ú∑…,2020-12-29,51.5232,52.3078,49.7631,50.7528,-1.0249,-1.9795,"19,168,691","1,386,238,800"
600760,÷–∫Ω…Ú∑…,2020-12-30,50.4205,53.8276,50.3993,52.0958,1.3430,2.6462,"22,879,951","1,685,146,864"
600760,÷–∫Ω…Ú∑…,2020-12-31,51.8837,55.7573,51.5303,55.2625,3.1667,6.0787,"25,738,292","1,956,650,976"
600760,÷–∫Ω…Ú∑…,2021-01-04,57.4680,60.7902,56.5490,60.7902,5.5277,10.0026,"31,054,031","2,603,661,808"
600760,÷–∫Ω…Ú∑…,2021-01-05,61.4971,66.3037,60.7902,63.2501,2.4599,4.0465,"36,072,376","3,217,672,416"
600760,÷–∫Ω…Ú∑…,2021-01-06,62.4018,67.6185,62.0413,65.5898,2.3397,3.6992,"28,894,621","2,668,129,696"
600760,÷–∫Ω…Ú∑…,2021-01-07,64.4871,70.7923,63.9711,68.2123,2.6225,3.9983,"31,230,421","2,977,565,216"
600760,÷–∫Ω…Ú∑…,2021-01-08,68.0002,69.8380,64.3387,67.4701,-0.7422,-1.0881,"27,811,482","2,621,213,808"
600760,÷–∫Ω…Ú∑…,2021-01-11,69.2019,69.5906,61.4971,62.3665,-5.1035,-7.5642,"36,374,545","3,357,092,352"
600760,÷–∫Ω…Ú∑…,2021-01-12,62.8472,66.1129,62.8472,65.7736,3.4071,5.4630,"27,720,618","2,535,582,912"
600760,÷–∫Ω…Ú∑…,2021-01-13,66.3532,68.0780,63.0380,64.2892,-1.4844,-2.2569,"31,128,534","2,879,020,928"
600760,÷–∫Ω…Ú∑…,2021-01-14,62.9108,62.9108,57.8638,57.9698,-6.3193,-9.8296,"40,520,744","3,380,046,912"
600760,÷–∫Ω…Ú∑…,2021-01-15,57.9698,59.3694,55.7644,59.0937,1.1239,1.9388,"28,304,966","2,319,659,744"
600760,÷–∫Ω…Ú∑…,2021-01-18,59.0937,61.3416,58.3233,60.3661,1.2724,2.1531,"26,750,228","2,277,732,800"
600760,÷–∫Ω…Ú∑…,2021-01-19,59.2917,60.4721,56.8176,57.6659,-2.7002,-4.4731,"26,954,815","2,225,004,544"
600760,÷–∫Ω…Ú∑…,2021-01-20,57.2559,59.9702,56.7611,59.2422,1.5763,2.7335,"21,682,706","1,798,007,552"
600760,÷–∫Ω…Ú∑…,2021-01-21,59.1786,60.3166,57.8921,59.5461,0.3040,0.5131,"28,011,866","2,343,208,544"
600760,÷–∫Ω…Ú∑…,2021-01-22,59.0937,61.4617,58.1536,61.4547,1.9085,3.2051,"33,124,378","2,804,715,424"
600760,÷–∫Ω…Ú∑…,2021-01-25,62.9108,67.3782,62.8260,64.0842,2.6295,4.2788,"38,823,947","3,566,097,616"
600760,÷–∫Ω…Ú∑…,2021-01-26,62.8260,63.4551,57.6729,57.6729,-6.4113,-10.0044,"33,831,207","2,840,004,304"
600760,÷–∫Ω…Ú∑…,2021-01-27,56.6197,58.3020,55.6937,56.9661,-0.7069,-1.2256,"19,013,031","1,530,008,432"
600760,÷–∫Ω…Ú∑…,2021-01-28,55.6301,57.4750,54.6900,55.3615,-1.6046,-2.8167,"19,374,684","1,536,292,432"
600760,÷–∫Ω…Ú∑…,2021-01-29,55.7715,56.3935,52.9652,54.3295,-1.0320,-1.8641,"19,985,173","1,546,696,848"
600760,÷–∫Ω…Ú∑…,2021-02-01,54.4284,55.9482,54.4143,55.2060,0.8765,1.6133,"12,191,957","952,641,344"
600760,÷–∫Ω…Ú∑…,2021-02-02,55.8422,57.2205,54.6405,56.7045,1.4986,2.7145,"15,764,105","1,250,891,008"
600760,÷–∫Ω…Ú∑…,2021-02-03,56.7611,56.7611,53.0501,53.3045,-3.4000,-5.9960,"18,918,773","1,458,969,152"
600760,÷–∫Ω…Ú∑…,2021-02-04,52.7037,54.0750,52.1170,52.8733,-0.4312,-0.8089,"14,471,584","1,084,992,976"
600760,÷–∫Ω…Ú∑…,2021-02-05,53.7216,54.3436,51.5303,51.6222,-1.2512,-2.3663,"12,221,923","913,770,048"
600760,÷–∫Ω…Ú∑…,2021-02-08,52.1947,53.2975,50.9083,53.0218,1.3996,2.7112,"12,439,044","924,056,384"
600760,÷–∫Ω…Ú∑…,2021-02-09,53.6297,58.3233,52.8451,58.3162,5.2944,9.9853,"25,331,951","2,020,249,952"
600760,÷–∫Ω…Ú∑…,2021-02-10,58.1041,58.1041,55.2060,57.1287,-1.1875,-2.0364,"21,771,343","1,737,668,704"
600760,÷–∫Ω…Ú∑…,2021-02-18,57.2630,57.8355,55.8351,56.7611,-0.3676,-0.6434,"14,855,673","1,190,889,488"
600760,÷–∫Ω…Ú∑…,2021-02-19,56.9025,58.6696,56.6197,57.6588,0.8977,1.5816,"15,098,988","1,227,968,784"
600760,÷–∫Ω…Ú∑…,2021-02-22,57.6800,57.7790,52.8521,53.0854,-4.5734,-7.9318,"21,953,778","1,707,483,536"
600760,÷–∫Ω…Ú∑…,2021-02-23,51.6363,55.9694,51.3536,55.2272,2.1418,4.0346,"20,522,517","1,584,624,320"
600760,÷–∫Ω…Ú∑…,2021-02-24,55.7927,57.2064,54.9232,56.5420,1.3148,2.3807,"19,490,169","1,549,185,600"
600760,÷–∫Ω…Ú∑…,2021-02-25,56.5490,61.3557,55.8775,59.9420,3.4000,6.0133,"27,631,844","2,304,190,080"
600760,÷–∫Ω…Ú∑…,2021-02-26,58.3657,60.5075,55.8422,57.3266,-2.6154,-4.3632,"23,186,885","1,898,046,032"
600760,÷–∫Ω…Ú∑…,2021-03-01,57.7153,58.3091,55.7573,58.3091,0.9825,1.7139,"14,926,732","1,207,391,552"
600760,÷–∫Ω…Ú∑…,2021-03-02,58.5636,59.5249,56.7116,59.4048,1.0956,1.8790,"19,570,732","1,613,318,240"
600760,÷–∫Ω…Ú∑…,2021-03-03,58.1041,59.1503,57.6093,58.6696,-0.7351,-1.2375,"11,741,999","970,465,552"
600760,÷–∫Ω…Ú∑…,2021-03-04,58.1677,60.4721,56.7257,57.1852,-1.4844,-2.5301,"17,627,557","1,465,838,960"
600760,÷–∫Ω…Ú∑…,2021-03-05,55.6584,55.6867,51.4737,51.9261,-5.2591,-9.1965,"24,636,426","1,850,560,352"
600760,÷–∫Ω…Ú∑…,2021-03-08,51.9332,52.2372,46.7307,46.7307,-5.1954,-10.0054,"28,037,279","1,921,330,768"
600760,÷–∫Ω…Ú∑…,2021-03-09,45.9461,46.3702,42.4895,43.6629,-3.0678,-6.5648,"21,803,985","1,363,529,696"
600760,÷–∫Ω…Ú∑…,2021-03-10,44.5324,45.0272,42.9702,43.3943,-0.2686,-0.6152,"14,753,616","910,940,336"
600760,÷–∫Ω…Ú∑…,2021-03-11,43.4438,45.0130,42.8005,44.5889,1.1946,2.7529,"13,964,953","872,969,648"
600760,÷–∫Ω…Ú∑…,2021-03-12,44.5606,44.5606,42.8500,43.9103,-0.6786,-1.5219,"11,149,174","687,257,232"
600760,÷–∫Ω…Ú∑…,2021-03-15,43.8608,44.6949,42.6309,43.2741,-0.6362,-1.4488,"11,758,992","726,735,856"
600760,÷–∫Ω…Ú∑…,2021-03-16,43.1186,43.7477,42.0583,42.7369,-0.5372,-1.2414,"9,330,865","565,522,944"
600760,÷–∫Ω…Ú∑…,2021-03-17,42.9419,43.6064,42.5531,43.0479,0.3110,0.7278,"8,121,502","495,751,216"
600760,÷–∫Ω…Ú∑…,2021-03-18,42.7652,44.3556,42.6733,43.6700,0.6220,1.4450,"10,891,920","672,081,808"
600760,÷–∫Ω…Ú∑…,2021-03-19,42.9702,46.6529,42.7086,44.8858,1.2158,2.7841,"21,914,372","1,390,924,416"
600760,÷–∫Ω…Ú∑…,2021-03-22,44.3910,44.8363,43.3166,44.5677,-0.3181,-0.7087,"12,735,856","794,945,232"
600760,÷–∫Ω…Ú∑…,2021-03-23,44.3556,45.4301,44.0729,45.2251,0.6574,1.4750,"11,362,944","722,009,184"
600760,÷–∫Ω…Ú∑…,2021-03-24,44.8575,45.6633,42.1785,42.7511,-2.4740,-5.4705,"15,979,905","979,409,744"
600760,÷–∫Ω…Ú∑…,2021-03-25,42.4118,43.4579,42.0654,42.6945,-0.0565,-0.1323,"8,658,524","524,181,712"
600760,÷–∫Ω…Ú∑…,2021-03-26,42.6945,44.2213,42.6380,44.0163,1.3218,3.0960,"10,651,748","659,351,840"
600760,÷–∫Ω…Ú∑…,2021-03-29,44.7515,45.7623,44.2991,44.4687,0.4524,1.0278,"12,333,982","785,147,552"
600760,÷–∫Ω…Ú∑…,2021-03-30,47.1972,48.9149,46.1581,48.9149,4.4462,9.9984,"30,227,654","2,067,119,952"
600760,÷–∫Ω…Ú∑…,2021-03-31,48.5615,48.8442,45.6492,45.8825,-3.0324,-6.1994,"27,391,696","1,813,264,752"
600760,÷–∫Ω…Ú∑…,2021-04-01,46.3207,47.0771,45.6139,46.9922,1.1098,2.4187,"13,183,089","865,576,496"
600760,÷–∫Ω…Ú∑…,2021-04-02,46.4833,47.5012,45.8047,46.7166,-0.2757,-0.5867,"13,360,799","879,020,560"
600760,÷–∫Ω…Ú∑…,2021-04-06,46.7590,47.7769,46.7590,47.3386,0.6220,1.3315,"12,251,066","819,081,424"
600760,÷–∫Ω…Ú∑…,2021-04-07,46.8650,46.9357,45.7906,46.1369,-1.2017,-2.5385,"10,992,133","717,193,968"
600760,÷–∫Ω…Ú∑…,2021-04-08,45.8542,46.7660,45.3028,46.3419,0.2050,0.4443,"8,934,303","583,216,864"
600760,÷–∫Ω…Ú∑…,2021-04-09,46.6459,47.4658,45.6916,45.7623,-0.5796,-1.2508,"12,342,852","813,877,280"
600760,÷–∫Ω…Ú∑…,2021-04-12,45.1615,45.6563,43.0267,43.3448,-2.4175,-5.2827,"15,844,291","989,425,312"
600760,÷–∫Ω…Ú∑…,2021-04-13,43.1116,44.0941,42.9419,43.8043,0.4595,1.0600,"8,010,120","494,092,560"
600760,÷–∫Ω…Ú∑…,2021-04-14,43.3307,44.3274,43.3307,44.3132,0.5089,1.1618,"6,884,341","428,915,376"
600760,÷–∫Ω…Ú∑…,2021-04-15,44.0517,44.5324,43.6983,44.4051,0.0919,0.2074,"5,641,661","351,992,256"
600760,÷–∫Ω…Ú∑…,2021-04-16,44.4263,44.8080,43.9881,44.3981,-0.0071,-0.0159,"5,785,965","362,749,168"
600760,÷–∫Ω…Ú∑…,2021-04-19,44.4122,45.5927,43.6841,45.5714,1.1734,2.6429,"11,902,689","757,238,208"
600760,÷–∫Ω…Ú∑…,2021-04-20,45.1049,46.2288,44.7303,45.3099,-0.2615,-0.5739,"11,294,739","726,604,400"
600760,÷–∫Ω…Ú∑…,2021-04-21,44.8363,45.0060,43.8820,44.4122,-0.8977,-1.9813,"9,331,047","585,997,680"
600760,÷–∫Ω…Ú∑…,2021-04-22,44.5324,45.1332,44.1082,44.2496,-0.1626,-0.3661,"8,220,721","517,882,944"
600760,÷–∫Ω…Ú∑…,2021-04-23,44.0658,44.6879,43.9103,44.3768,0.1272,0.2875,"7,054,229","442,441,200"
600760,÷–∫Ω…Ú∑…,2021-04-26,44.4829,46.1652,44.4687,44.7939,0.4170,0.9398,"13,695,148","879,817,456"
600760,÷–∫Ω…Ú∑…,2021-04-27,44.5041,44.5041,43.0409,43.6064,-1.1875,-2.6511,"9,266,172","572,366,400"
600760,÷–∫Ω…Ú∑…,2021-04-28,43.2035,44.0305,43.1964,43.8891,0.2827,0.6484,"6,265,593","386,935,088"
600760,÷–∫Ω…Ú∑…,2021-04-29,43.9881,44.4193,43.4721,43.5993,-0.2898,-0.6603,"7,522,713","466,647,168"
600760,÷–∫Ω…Ú∑…,2021-04-30,41.7403,42.3482,39.2450,40.8143,-2.7850,-6.3878,"28,218,116","1,609,375,232"
600760,÷–∫Ω…Ú∑…,2021-05-06,40.3689,43.7477,40.1286,43.1186,2.3044,5.6460,"19,060,690","1,140,479,024"
600760,÷–∫Ω…Ú∑…,2021-05-07,43.0479,44.1294,42.6238,43.3166,0.1979,0.4590,"10,503,278","645,015,824"
600760,÷–∫Ω…Ú∑…,2021-05-10,43.2883,43.4226,42.1290,43.3236,0.0071,0.0163,"9,172,873","553,986,864"
600760,÷–∫Ω…Ú∑…,2021-05-11,43.1257,47.6567,42.9136,47.6496,4.3260,9.9853,"31,088,930","2,039,124,320"
600760,÷–∫Ω…Ú∑…,2021-05-12,46.7943,47.2043,45.6421,46.3985,-1.2511,-2.6257,"16,369,532","1,072,910,048"
600760,÷–∫Ω…Ú∑…,2021-05-13,45.8401,48.3141,45.6633,46.0804,-0.3181,-0.6856,"18,650,567","1,237,857,568"
600760,÷–∫Ω…Ú∑…,2021-05-14,46.2712,49.8126,45.3099,49.1977,3.1173,6.7648,"26,156,435","1,788,689,040"
600760,÷–∫Ω…Ú∑…,2021-05-17,49.5511,50.5972,48.7877,49.3249,0.1272,0.2586,"22,404,304","1,569,697,136"
600760,÷–∫Ω…Ú∑…,2021-05-18,48.9149,52.3997,48.4625,51.6010,2.2761,4.6145,"23,540,288","1,706,039,488"
600760,÷–∫Ω…Ú∑…,2021-05-19,50.9648,52.4422,50.6679,51.1627,-0.4383,-0.8493,"15,908,083","1,157,588,336"
600760,÷–∫Ω…Ú∑…,2021-05-20,51.3536,52.9299,50.7528,50.9083,-0.2545,-0.4974,"15,340,201","1,121,896,544"
600760,÷–∫Ω…Ú∑…,2021-05-21,51.3041,51.4596,49.0139,49.5299,-1.3784,-2.7076,"14,880,531","1,044,718,864"
600760,÷–∫Ω…Ú∑…,2021-05-24,49.6783,50.8446,49.3532,50.3498,0.8200,1.6555,"9,702,529","689,026,976"
600760,÷–∫Ω…Ú∑…,2021-05-25,50.3145,54.3578,49.5723,53.5731,3.2233,6.4018,"22,915,832","1,707,586,720"
600760,÷–∫Ω…Ú∑…,2021-05-26,53.5095,55.1353,52.9440,53.6226,0.0495,0.0924,"17,073,708","1,304,244,512"
600760,÷–∫Ω…Ú∑…,2021-05-27,53.5166,54.4991,53.0147,53.3257,-0.2969,-0.5537,"11,424,933","865,241,536"
600760,÷–∫Ω…Ú∑…,2021-05-28,52.9440,54.0679,52.2089,53.5519,0.2262,0.4242,"10,938,129","824,743,632"
600760,÷–∫Ω…Ú∑…,2021-05-31,53.5802,55.7291,53.0501,54.9798,1.4279,2.6663,"15,729,360","1,214,211,200"
600760,÷–∫Ω…Ú∑…,2021-06-01,54.5062,55.6513,53.3257,53.3823,-1.5975,-2.9056,"13,640,858","1,047,152,464"
600760,÷–∫Ω…Ú∑…,2021-06-02,53.3681,54.1598,51.4879,51.6363,-1.7459,-3.2706,"14,846,667","1,104,607,408"
600760,÷–∫Ω…Ú∑…,2021-06-03,51.5444,52.3078,50.7386,50.8871,-0.7493,-1.4511,"12,763,856","927,603,040"
600760,÷–∫Ω…Ú∑…,2021-06-04,50.7528,53.7145,50.6467,52.9440,2.0570,4.0422,"18,766,161","1,400,921,344"
600760,÷–∫Ω…Ú∑…,2021-06-07,53.6367,54.8526,52.9652,53.7216,0.7775,1.4686,"14,138,916","1,077,237,488"
600760,÷–∫Ω…Ú∑…,2021-06-08,53.0571,54.9939,53.0571,54.8172,1.0956,2.0395,"15,815,998","1,215,153,680"
600760,÷–∫Ω…Ú∑…,2021-06-09,55.8563,57.2205,54.4638,56.0472,1.2299,2.2437,"22,741,927","1,795,521,408"
600760,÷–∫Ω…Ú∑…,2021-06-10,56.0542,57.1640,55.3756,56.2733,0.2262,0.4036,"14,981,032","1,195,414,432"
600760,÷–∫Ω…Ú∑…,2021-06-11,56.2804,56.2875,53.1561,53.4035,-2.8699,-5.0999,"17,357,605","1,331,241,024"
600760,÷–∫Ω…Ú∑…,2021-06-15,52.9157,54.3648,52.3432,53.4600,0.0565,0.1059,"10,272,975","777,947,952"
600760,÷–∫Ω…Ú∑…,2021-06-16,53.4459,54.5345,51.0426,53.1349,-0.3252,-0.6082,"12,669,346","947,046,352"
600760,÷–∫Ω…Ú∑…,2021-06-17,53.1561,53.7781,52.3432,53.7216,0.5867,1.1042,"8,415,417","632,946,544"
600760,÷–∫Ω…Ú∑…,2021-06-18,53.7216,56.5349,53.3187,55.4605,1.7389,3.2368,"15,247,216","1,191,657,584"
600760,÷–∫Ω…Ú∑…,2021-06-21,55.7573,60.0833,55.6513,60.0127,4.5522,8.2080,"22,634,019","1,850,391,904"
600760,÷–∫Ω…Ú∑…,2021-06-22,60.1187,60.1540,57.6235,58.8039,-1.2087,-2.0141,"18,028,198","1,498,585,680"
600760,÷–∫Ω…Ú∑…,2021-06-23,58.4434,59.8430,58.0476,59.6168,0.8129,1.3824,"13,924,390","1,164,968,240"
600760,÷–∫Ω…Ú∑…,2021-06-24,60.3642,61.5354,58.3594,58.6968,-0.9200,-1.5432,"18,030,169","1,083,727,760"
600760,÷–∫Ω…Ú∑…,2021-06-25,57.1683,59.1831,55.4513,59.1831,0.4863,0.8285,"22,190,443","1,284,160,400"
600760,÷–∫Ω…Ú∑…,2021-06-28,59.6695,60.2848,58.2303,59.1931,0.0099,0.0168,"18,446,193","1,098,712,016"
600760,÷–∫Ω…Ú∑…,2021-06-29,58.5976,59.9970,58.5976,58.6472,-0.5459,-0.9222,"15,649,408","933,888,032"
600760,÷–∫Ω…Ú∑…,2021-06-30,58.2601,59.8481,57.1187,59.8481,1.2009,2.0477,"19,405,946","1,145,501,712"
600760,÷–∫Ω…Ú∑…,2021-07-01,60.9399,61.8927,55.5406,55.7590,-4.0891,-6.8325,"32,207,223","1,876,664,688"
600760,÷–∫Ω…Ú∑…,2021-07-02,54.6871,54.7169,50.4193,51.7790,-3.9800,-7.1378,"36,890,648","1,935,687,712"
600760,÷–∫Ω…Ú∑…,2021-07-05,51.2927,52.3249,50.7865,50.9553,-0.8238,-1.5909,"16,359,629","847,111,056"
600760,÷–∫Ω…Ú∑…,2021-07-06,50.9652,52.3944,49.9826,52.2356,1.2803,2.5127,"18,452,587","953,835,984"
600760,÷–∫Ω…Ú∑…,2021-07-07,51.6103,57.4562,51.4118,57.4562,5.2206,9.9943,"44,885,002","2,534,415,280"
600760,÷–∫Ω…Ú∑…,2021-07-08,57.7639,63.2028,57.4562,63.2028,5.7466,10.0017,"48,587,694","3,029,648,848"
600760,÷–∫Ω…Ú∑…,2021-07-09,64.5129,66.2399,62.4286,64.4335,1.2307,1.9472,"73,113,859","4,751,387,904"
600760,÷–∫Ω…Ú∑…,2021-07-12,64.5824,66.8949,63.1035,65.7337,1.3002,2.0179,"46,445,176","3,053,861,312"
600760,÷–∫Ω…Ú∑…,2021-07-13,65.1977,67.5500,64.8603,66.5972,0.8635,1.3136,"33,376,619","2,224,436,528"
600760,÷–∫Ω…Ú∑…,2021-07-14,66.2696,67.2721,63.2723,63.5204,-3.0768,-4.6200,"41,486,151","2,693,999,344"
600760,÷–∫Ω…Ú∑…,2021-07-15,64.3541,65.4061,62.3790,64.0166,0.4963,0.7812,"26,793,681","1,716,322,384"
600760,÷–∫Ω…Ú∑…,2021-07-16,63.5005,68.4134,62.5974,66.6964,2.6798,4.1860,"55,075,161","3,686,615,328"
600760,÷–∫Ω…Ú∑…,2021-07-19,66.4979,66.9445,63.4211,64.5327,-2.1637,-3.2440,"37,640,896","2,449,423,472"
600760,÷–∫Ω…Ú∑…,2021-07-20,63.4211,65.8627,62.9249,64.8900,0.3573,0.5537,"29,359,662","1,903,417,424"
600760,÷–∫Ω…Ú∑…,2021-07-21,64.4533,68.3638,64.1159,66.7560,1.8659,2.8755,"35,248,531","2,366,951,760"
600760,÷–∫Ω…Ú∑…,2021-07-22,66.2299,70.4679,65.3069,69.3762,2.6202,3.9251,"37,771,391","2,584,576,688"
600760,÷–∫Ω…Ú∑…,2021-07-23,69.3563,76.1054,67.8576,73.2172,3.8410,5.5365,"51,729,651","3,708,774,992"
600760,÷–∫Ω…Ú∑…,2021-07-26,73.4454,78.2889,70.4679,70.4679,-2.7492,-3.7549,"68,521,321","5,171,491,840"
600760,÷–∫Ω…Ú∑…,2021-07-27,70.0312,73.9218,67.9569,68.0363,-2.4316,-3.4507,"58,864,307","4,199,252,736"
600760,÷–∫Ω…Ú∑…,2021-07-28,66.8949,67.0041,62.5279,64.5129,-3.5234,-5.1787,"44,268,546","2,874,769,984"
600760,÷–∫Ω…Ú∑…,2021-07-29,66.4979,70.5176,65.5451,69.6342,5.1213,7.9385,"46,129,068","3,165,764,224"
600760,÷–∫Ω…Ú∑…,2021-07-30,69.3960,70.7558,66.2200,67.3217,-2.3125,-3.3210,"34,398,100","2,368,273,200"
600760,÷–∫Ω…Ú∑…,2021-08-02,68.4035,72.9095,66.6170,71.5101,4.1884,6.2214,"38,455,689","2,730,423,424"
600760,÷–∫Ω…Ú∑…,2021-08-03,71.4505,74.4677,69.9022,71.6689,0.1588,0.2221,"39,558,515","2,877,184,992"
600760,÷–∫Ω…Ú∑…,2021-08-04,70.9642,75.5396,70.6764,74.5372,2.8683,4.0022,"35,495,055","2,635,246,000"
600760,÷–∫Ω…Ú∑…,2021-08-05,74.6861,77.4155,73.4454,74.5968,0.0596,0.0799,"49,554,741","3,780,353,392"
600760,÷–∫Ω…Ú∑…,2021-08-06,73.7730,74.8350,70.9642,74.0608,-0.5359,-0.7185,"39,860,400","2,925,159,296"
600760,÷–∫Ω…Ú∑…,2021-08-09,74.0608,76.6711,73.0286,74.0608,0.0000,0.0000,"27,988,411","2,104,140,288"
600760,÷–∫Ω…Ú∑…,2021-08-10,72.9988,77.9911,72.9988,76.2145,2.1537,2.9081,"44,225,405","3,406,033,488"
600760,÷–∫Ω…Ú∑…,2021-08-11,75.4305,76.6612,73.8722,74.8350,-1.3796,-1.8101,"30,458,977","2,295,532,352"
600760,÷–∫Ω…Ú∑…,2021-08-12,74.4082,74.9243,71.1428,71.4505,-3.3845,-4.5226,"28,951,487","2,110,824,928"
600760,÷–∫Ω…Ú∑…,2021-08-13,71.0138,73.9814,69.9717,71.8475,0.3970,0.5556,"28,733,913","2,089,323,584"
600760,÷–∫Ω…Ú∑…,2021-08-16,71.8078,73.0484,70.4679,71.3612,-0.4863,-0.6769,"18,416,416","1,334,068,352"
600760,÷–∫Ω…Ú∑…,2021-08-17,71.4604,72.8797,70.0511,70.4679,-0.8933,-1.2517,"22,364,104","1,613,408,496"
600760,÷–∫Ω…Ú∑…,2021-08-18,70.7657,76.0061,69.8724,74.4380,3.9700,5.6338,"41,675,200","3,102,472,656"
600760,÷–∫Ω…Ú∑…,2021-08-19,73.9417,76.4230,72.4629,74.8647,0.4268,0.5733,"29,089,399","2,195,188,592"
600760,÷–∫Ω…Ú∑…,2021-08-20,73.6241,75.6786,72.2544,72.4728,-2.3919,-3.1950,"26,015,449","1,922,941,376"
600760,÷–∫Ω…Ú∑…,2021-08-23,73.7432,79.7181,72.6713,79.0928,6.6200,9.1345,"54,497,294","4,288,339,568"
600760,÷–∫Ω…Ú∑…,2021-08-24,76.4230,79.8967,73.3760,79.4005,0.3077,0.3890,"50,830,845","3,917,553,280"
600760,÷–∫Ω…Ú∑…,2021-08-25,78.4080,80.5915,75.8969,78.3087,-1.0918,-1.3750,"25,761,241","2,023,819,744"
600760,÷–∫Ω…Ú∑…,2021-08-26,77.8125,79.7181,76.4031,76.9490,-1.3597,-1.7364,"21,956,152","1,726,340,576"
600760,÷–∫Ω…Ú∑…,2021-08-27,76.4329,77.0979,74.7159,75.8275,-1.1215,-1.4575,"20,465,809","1,560,063,952"
600760,÷–∫Ω…Ú∑…,2021-08-30,77.3162,83.0529,77.3162,80.0555,4.2281,5.5759,"37,223,322","2,999,586,304"
600760,÷–∫Ω…Ú∑…,2021-08-31,83.8668,85.1173,79.0035,81.4351,1.3796,1.7233,"41,134,926","3,403,832,960"
600760,÷–∫Ω…Ú∑…,2021-09-01,82.7551,83.3507,74.4479,79.2020,-2.2331,-2.7422,"36,715,036","2,905,622,080"
600760,÷–∫Ω…Ú∑…,2021-09-02,77.6239,80.5022,77.6140,79.4104,0.2084,0.2632,"16,619,265","1,330,073,680"
600760,÷–∫Ω…Ú∑…,2021-09-03,79.2913,80.0952,73.4752,74.3585,-5.0519,-6.3617,"32,282,824","2,461,077,344"
600760,÷–∫Ω…Ú∑…,2021-09-06,73.3462,74.9342,71.2917,74.2395,-0.1191,-0.1602,"23,353,051","1,726,346,752"
600760,÷–∫Ω…Ú∑…,2021-09-07,74.1402,76.3336,73.4554,74.5372,0.2977,0.4011,"17,571,289","1,327,036,336"
600760,÷–∫Ω…Ú∑…,2021-09-08,74.6166,75.2022,72.2544,72.6514,-1.8858,-2.5300,"20,188,600","1,487,827,168"
600760,÷–∫Ω…Ú∑…,2021-09-09,72.3338,76.9093,71.7681,76.2840,3.6326,5.0000,"26,328,075","1,968,324,640"
600760,÷–∫Ω…Ú∑…,2021-09-10,76.2840,76.2840,73.8425,74.3685,-1.9155,-2.5111,"21,037,667","1,585,844,048"
600760,÷–∫Ω…Ú∑…,2021-09-13,74.3685,75.4205,71.8376,72.7507,-1.6178,-2.1754,"15,411,506","1,135,592,224"
600760,÷–∫Ω…Ú∑…,2021-09-14,73.3263,74.6960,71.8574,72.3537,-0.3970,-0.5457,"18,137,672","1,333,577,488"
600760,÷–∫Ω…Ú∑…,2021-09-15,72.0361,73.6737,69.4953,72.7408,0.3871,0.5350,"20,459,725","1,474,331,280"
600760,÷–∫Ω…Ú∑…,2021-09-16,72.2544,73.2370,70.4679,70.7061,-2.0346,-2.7971,"13,232,044","955,529,120"
600760,÷–∫Ω…Ú∑…,2021-09-17,70.8153,71.7185,66.4979,69.1876,-1.5185,-2.1477,"20,177,009","1,401,100,016"
600760,÷–∫Ω…Ú∑…,2021-09-22,68.1951,72.7507,67.5897,70.8550,1.6674,2.4100,"16,826,056","1,201,933,600"
600760,÷–∫Ω…Ú∑…,2021-09-23,70.8749,74.2395,70.8749,73.7432,2.8882,4.0762,"23,403,384","1,724,586,800"
600760,÷–∫Ω…Ú∑…,2021-09-24,73.4057,74.1799,72.5621,72.9194,-0.8238,-1.1171,"11,707,366","863,588,800"
600760,÷–∫Ω…Ú∑…,2021-09-27,72.3537,73.3958,68.2646,70.1900,-2.7294,-3.7430,"17,397,237","1,233,507,184"
600760,÷–∫Ω…Ú∑…,2021-09-28,70.1106,71.0138,69.6441,69.7136,-0.4764,-0.6787,"11,741,402","831,928,208"
600760,÷–∫Ω…Ú∑…,2021-09-29,69.0586,69.6441,65.8032,65.8131,-3.9006,-5.5951,"17,005,361","1,150,081,712"
600760,÷–∫Ω…Ú∑…,2021-09-30,66.4880,68.1653,66.4284,67.8279,2.0148,3.0614,"11,576,534","789,395,184"
600760,÷–∫Ω…Ú∑…,2021-10-08,68.3837,68.6616,65.5352,66.1009,-1.7270,-2.5461,"10,736,201","722,563,376"
600760,÷–∫Ω…Ú∑…,2021-10-11,66.5475,69.6243,66.2498,67.2026,1.1017,1.6667,"13,995,279","958,331,360"
600760,÷–∫Ω…Ú∑…,2021-10-12,66.9942,66.9942,63.9273,64.8305,-2.3721,-3.5298,"13,585,142","894,008,160"
600760,÷–∫Ω…Ú∑…,2021-10-13,60.5429,63.9472,59.6000,63.6990,-1.1315,-1.7453,"26,589,158","1,658,078,464"
600760,÷–∫Ω…Ú∑…,2021-10-14,62.8723,67.9982,62.6935,66.7068,3.0078,4.7219,"21,855,706","1,462,036,608"
600760,÷–∫Ω…Ú∑…,2021-10-15,66.6969,67.2035,66.0412,66.6174,-0.0894,-0.1340,"10,828,825","727,048,576"
600760,÷–∫Ω…Ú∑…,2021-10-18,66.6671,69.1009,66.6571,68.5943,1.9769,2.9675,"11,966,628","821,316,352"
600760,÷–∫Ω…Ú∑…,2021-10-19,68.6340,68.8228,66.8260,67.4121,-1.1821,-1.7234,"10,823,837","735,161,376"
600760,÷–∫Ω…Ú∑…,2021-10-20,67.4121,68.9022,67.2433,68.8128,1.4007,2.0778,"11,812,259","812,135,824"
600760,÷–∫Ω…Ú∑…,2021-10-21,68.0976,69.0413,67.2333,68.1075,-0.7053,-1.0250,"8,636,747","589,715,648"
600760,÷–∫Ω…Ú∑…,2021-10-22,68.0479,68.7035,67.2731,68.3956,0.2881,0.4230,"7,383,626","505,987,408"
600760,÷–∫Ω…Ú∑…,2021-10-25,68.8724,70.3824,68.0479,70.0546,1.6590,2.4256,"13,601,131","950,311,168"
600760,÷–∫Ω…Ú∑…,2021-10-26,70.0049,70.7301,69.5082,70.3228,0.2682,0.3829,"10,132,617","715,375,648"
600760,÷–∫Ω…Ú∑…,2021-10-27,71.5248,72.5182,70.0744,71.4950,1.1722,1.6669,"15,989,658","1,147,316,544"
600760,÷–∫Ω…Ú∑…,2021-10-28,70.5413,73.7103,70.5314,72.2003,0.7053,0.9865,"16,537,223","1,201,961,888"
600760,÷–∫Ω…Ú∑…,2021-10-29,72.5182,75.2699,70.7599,75.0017,2.8014,3.8800,"25,761,410","1,917,787,376"
600760,÷–∫Ω…Ú∑…,2021-11-01,76.5315,78.0614,74.3858,75.0017,0.0000,0.0000,"27,956,531","2,146,927,552"
600760,÷–∫Ω…Ú∑…,2021-11-02,75.4984,79.5912,75.2004,77.9521,2.9504,3.9338,"30,317,329","2,366,764,528"
600760,÷–∫Ω…Ú∑…,2021-11-03,76.9885,77.1872,73.9785,76.6110,-1.3411,-1.7204,"20,048,627","1,525,964,512"
600760,÷–∫Ω…Ú∑…,2021-11-04,76.0944,78.3594,75.5977,77.5547,0.9437,1.2318,"16,279,836","1,262,691,888"
600760,÷–∫Ω…Ú∑…,2021-11-05,76.9984,78.0316,75.0712,75.1010,-2.4537,-3.1638,"12,048,667","927,466,912"
600760,÷–∫Ω…Ú∑…,2021-11-08,74.2666,76.0746,73.5116,75.8461,0.7450,0.9921,"8,785,314","664,425,760"
600760,÷–∫Ω…Ú∑…,2021-11-09,75.4487,78.4786,75.1308,77.3859,1.5398,2.0301,"17,861,045","1,389,028,896"
600760,÷–∫Ω…Ú∑…,2021-11-10,77.3263,78.8760,75.4984,76.4719,-0.9139,-1.1810,"15,713,305","1,217,964,016"
600760,÷–∫Ω…Ú∑…,2021-11-11,75.4984,77.2865,74.7832,76.9388,0.4669,0.6105,"12,745,523","979,351,472"
600760,÷–∫Ω…Ú∑…,2021-11-12,76.9388,79.3528,76.7004,78.9455,2.0067,2.6081,"21,994,106","1,738,862,720"
600760,÷–∫Ω…Ú∑…,2021-11-15,78.8760,79.6707,75.4984,75.7766,-3.1689,-4.0141,"22,091,176","1,716,390,256"
600760,÷–∫Ω…Ú∑…,2021-11-16,74.9818,76.9090,71.6539,72.1804,-3.5961,-4.7457,"26,707,522","1,987,733,360"
600760,÷–∫Ω…Ú∑…,2021-11-17,72.1804,73.8990,70.7202,72.8957,0.7152,0.9909,"17,880,998","1,304,754,480"
600760,÷–∫Ω…Ú∑…,2021-11-18,72.5579,74.9520,71.3261,73.7600,0.8643,1.1856,"16,903,765","1,247,241,376"
600760,÷–∫Ω…Ú∑…,2021-11-19,73.5116,73.9884,72.7368,72.9752,-0.7848,-1.0640,"12,140,485","894,705,696"
600760,÷–∫Ω…Ú∑…,2021-11-22,72.9553,73.2732,71.5248,72.6871,-0.2881,-0.3948,"17,934,377","1,307,461,184"
600760,÷–∫Ω…Ú∑…,2021-11-23,72.7169,72.7169,70.5314,71.3857,-1.3014,-1.7904,"15,338,864","1,106,795,440"
600760,÷–∫Ω…Ú∑…,2021-11-24,71.4255,72.0215,69.5380,69.9453,-1.4404,-2.0178,"14,589,499","1,034,051,248"
600760,÷–∫Ω…Ú∑…,2021-11-25,69.9354,70.5215,68.8923,69.2201,-0.7252,-1.0368,"11,811,788","826,837,504"
600760,÷–∫Ω…Ú∑…,2021-11-26,69.2201,70.4023,68.6936,69.4983,0.2782,0.4018,"11,273,807","790,866,080"
600760,÷–∫Ω…Ú∑…,2021-11-29,68.5446,71.9718,67.8790,71.8228,2.3246,3.3448,"21,252,849","1,517,564,912"
600760,÷–∫Ω…Ú∑…,2021-11-30,71.7235,73.9785,71.6241,72.4983,0.6755,0.9405,"18,070,031","1,328,230,240"
600760,÷–∫Ω…Ú∑…,2021-12-01,72.5182,73.2036,71.7235,72.3692,-0.1292,-0.1781,"10,531,059","766,922,096"
600760,÷–∫Ω…Ú∑…,2021-12-02,72.3692,72.8858,71.7831,71.8328,-0.5364,-0.7413,"8,568,935","623,385,968"
600760,÷–∫Ω…Ú∑…,2021-12-03,72.5182,75.1408,72.5182,74.4057,2.5729,3.5818,"20,888,007","1,562,245,152"
600760,÷–∫Ω…Ú∑…,2021-12-06,74.2567,74.8924,73.1738,74.0083,-0.3974,-0.5340,"13,538,128","1,011,400,512"
600760,÷–∫Ω…Ú∑…,2021-12-07,73.9686,74.7037,70.1539,71.0778,-2.9305,-3.9597,"16,353,194","1,183,501,216"
600760,÷–∫Ω…Ú∑…,2021-12-08,71.4751,72.3195,71.0579,72.0712,0.9934,1.3976,"10,013,737","722,985,376"
600760,÷–∫Ω…Ú∑…,2021-12-09,71.6142,72.1010,70.5314,70.9685,-1.1027,-1.5300,"12,390,128","884,866,768"
600760,÷–∫Ω…Ú∑…,2021-12-10,70.9784,71.4155,70.2334,70.5910,-0.3775,-0.5319,"11,706,102","831,956,160"
600760,÷–∫Ω…Ú∑…,2021-12-13,70.1937,70.8294,69.4287,70.4023,-0.1887,-0.2674,"11,204,480","789,987,760"
600760,÷–∫Ω…Ú∑…,2021-12-14,69.9751,71.8030,69.8360,70.6804,0.2782,0.3951,"13,919,259","994,695,776"
600760,÷–∫Ω…Ú∑…,2021-12-15,70.6307,71.0182,69.5777,69.6373,-1.0431,-1.4758,"9,461,333","666,924,640"
600760,÷–∫Ω…Ú∑…,2021-12-16,69.6373,70.7698,69.6373,70.6208,0.9835,1.4123,"8,593,769","607,765,744"
600760,÷–∫Ω…Ú∑…,2021-12-17,70.0844,70.7798,68.3956,68.4453,-2.1755,-3.0806,"12,617,332","879,398,416"
600760,÷–∫Ω…Ú∑…,2021-12-20,67.7697,68.8228,65.5247,65.9518,-2.4934,-3.6430,"15,504,725","1,038,281,552"
600760,÷–∫Ω…Ú∑…,2021-12-21,65.9419,67.6307,65.5942,67.4519,1.5000,2.2744,"8,877,300","595,817,008"
600760,÷–∫Ω…Ú∑…,2021-12-22,67.4519,68.0777,67.0545,67.2234,-0.2285,-0.3387,"6,383,358","433,446,400"
600760,÷–∫Ω…Ú∑…,2021-12-23,67.2234,68.0479,66.3591,66.9452,-0.2782,-0.4138,"7,577,062","512,293,184"
600760,÷–∫Ω…Ú∑…,2021-12-24,66.9452,67.3923,65.7631,66.3591,-0.5861,-0.8755,"7,193,920","481,252,304"
600760,÷–∫Ω…Ú∑…,2021-12-27,66.3393,66.8360,65.3657,65.5843,-0.7749,-1.1677,"6,373,009","422,499,472"
600760,÷–∫Ω…Ú∑…,2021-12-28,65.6141,66.5280,64.6902,66.5280,0.9437,1.4390,"7,569,005","500,155,712"
600760,÷–∫Ω…Ú∑…,2021-12-29,66.5777,67.4618,66.2697,66.9651,0.4371,0.6570,"11,554,560","778,105,744"
600760,÷–∫Ω…Ú∑…,2021-12-30,66.7465,69.0214,66.5777,68.1274,1.1623,1.7356,"14,956,780","1,027,250,416"
600760,÷–∫Ω…Ú∑…,2021-12-31,68.6837,68.7234,67.0545,67.5909,-0.5364,-0.7874,"12,091,028","821,716,320"
600760,÷–∫Ω…Ú∑…,2022-01-04,66.7565,68.5446,66.6770,66.9154,-0.6755,-0.9994,"11,430,260","774,897,072"
600760,÷–∫Ω…Ú∑…,2022-01-05,67.0048,67.3724,62.8922,63.5081,-3.4074,-5.0920,"16,230,693","1,052,876,160"
600760,÷–∫Ω…Ú∑…,2022-01-06,63.2796,63.5279,61.4021,62.5345,-0.9735,-1.5329,"14,563,437","913,944,272"
600760,÷–∫Ω…Ú∑…,2022-01-07,62.6736,63.8160,61.3921,61.7001,-0.8345,-1.3344,"10,725,782","675,607,152"
600760,÷–∫Ω…Ú∑…,2022-01-10,61.4915,62.8822,61.4915,62.7630,1.0629,1.7228,"8,965,256","562,169,888"
600760,÷–∫Ω…Ú∑…,2022-01-11,62.9816,63.0114,61.0941,61.4517,-1.3113,-2.0893,"9,252,702","575,290,736"
600760,÷–∫Ω…Ú∑…,2022-01-12,61.4915,62.8524,61.4517,62.7829,1.3312,2.1662,"8,833,648","553,579,648"
600760,÷–∫Ω…Ú∑…,2022-01-13,62.7829,62.9518,61.4915,61.5511,-1.2318,-1.9620,"6,592,754","411,124,288"
600760,÷–∫Ω…Ú∑…,2022-01-14,61.1934,61.7398,59.5444,59.6040,-1.9471,-3.1633,"13,703,962","832,862,192"
600760,÷–∫Ω…Ú∑…,2022-01-17,59.7133,61.2530,59.3060,61.1239,1.5199,2.5500,"10,416,969","633,310,208"
600760,÷–∫Ω…Ú∑…,2022-01-18,60.7663,61.8193,60.5577,61.4021,0.2782,0.4551,"7,431,560","458,617,808"
600760,÷–∫Ω…Ú∑…,2022-01-19,61.4021,61.4021,57.6172,58.5609,-2.8411,-4.6271,"15,008,249","891,019,472"
600760,÷–∫Ω…Ú∑…,2022-01-20,58.6106,58.8093,55.7397,56.3953,-2.1656,-3.6980,"24,649,802","1,410,150,448"
600760,÷–∫Ω…Ú∑…,2022-01-21,52.3522,53.5939,50.7528,52.7297,-3.6656,-6.4999,"43,624,493","2,282,349,168"
600760,÷–∫Ω…Ú∑…,2022-01-24,52.6999,54.3191,51.8555,53.4449,0.7152,1.3564,"17,953,169","958,601,200"
600760,÷–∫Ω…Ú∑…,2022-01-25,53.9416,54.8953,52.7992,52.8191,-0.6258,-1.1710,"15,416,984","835,744,512"
600760,÷–∫Ω…Ú∑…,2022-01-26,52.7992,53.6138,51.2594,52.4317,-0.3874,-0.7335,"12,567,944","663,452,064"
600760,÷–∫Ω…Ú∑…,2022-01-27,52.4118,52.9383,50.7727,50.9118,-1.5199,-2.8988,"9,416,950","490,299,104"
600760,÷–∫Ω…Ú∑…,2022-01-28,51.2594,52.1535,50.5641,51.2594,0.3477,0.6829,"9,740,978","504,264,704"
600760,÷–∫Ω…Ú∑…,2022-02-07,52.3522,52.5509,51.1899,51.4085,0.1490,0.2907,"7,772,915","403,995,008"
600760,÷–∫Ω…Ú∑…,2022-02-08,51.7561,51.7561,49.9978,51.7561,0.3477,0.6763,"9,010,273","462,258,096"
600760,÷–∫Ω…Ú∑…,2022-02-09,51.5575,52.9482,51.1800,52.6800,0.9239,1.7850,"13,015,967","684,843,200"
600760,÷–∫Ω…Ú∑…,2022-02-10,52.6899,53.6436,52.2131,52.7495,0.0695,0.1320,"11,803,413","628,137,264"
600760,÷–∫Ω…Ú∑…,2022-02-11,52.5509,53.0078,51.2992,51.5475,-1.2020,-2.2787,"8,578,406","450,701,840"
600760,÷–∫Ω…Ú∑…,2022-02-14,52.1535,53.6436,51.8356,52.7992,1.2517,2.4282,"14,391,457","765,243,008"
600760,÷–∫Ω…Ú∑…,2022-02-15,52.7793,54.2893,52.6005,53.8522,1.0530,1.9944,"16,176,629","874,236,640"
600760,÷–∫Ω…Ú∑…,2022-02-16,53.3953,53.3953,51.9548,52.3124,-1.5398,-2.8592,"16,913,555","892,698,368"
600760,÷–∫Ω…Ú∑…,2022-02-17,52.1535,54.1204,51.9350,53.6039,1.2914,2.4687,"16,153,541","863,590,720"
600760,÷–∫Ω…Ú∑…,2022-02-18,53.1469,53.1568,52.0542,52.5906,-1.0133,-1.8903,"13,012,730","686,835,184"
600760,÷–∫Ω…Ú∑…,2022-02-21,52.6502,53.4449,52.1734,52.5310,-0.0596,-0.1133,"10,692,102","566,910,016"
600760,÷–∫Ω…Ú∑…,2022-02-22,53.3655,53.5939,51.1104,51.9250,-0.6060,-1.1536,"14,983,014","785,604,704"
600760,÷–∫Ω…Ú∑…,2022-02-23,51.8356,54.0410,51.4085,53.9814,2.0563,3.9602,"24,780,216","1,326,434,480"
600760,÷–∫Ω…Ú∑…,2022-02-24,53.7429,57.4682,53.0873,56.1768,2.1954,4.0670,"44,056,404","2,446,662,048"
600760,÷–∫Ω…Ú∑…,2022-02-25,54.6370,56.0774,53.4449,55.3324,-0.8444,-1.5031,"24,702,078","1,365,843,248"
600760,÷–∫Ω…Ú∑…,2022-02-28,56.0278,56.5741,55.1734,55.6701,0.3378,0.6104,"20,035,907","1,129,332,496"
600760,÷–∫Ω…Ú∑…,2022-03-01,56.1867,58.4914,55.5907,57.6470,1.9769,3.5510,"28,159,256","1,621,981,904"
600760,÷–∫Ω…Ú∑…,2022-03-02,57.7165,57.9748,56.4251,56.7430,-0.9040,-1.5682,"17,770,212","1,017,272,656"
600760,÷–∫Ω…Ú∑…,2022-03-03,56.8026,56.8622,54.8059,54.8655,-1.8775,-3.3088,"15,774,874","877,511,040"
600760,÷–∫Ω…Ú∑…,2022-03-04,54.8357,55.2231,53.5045,53.9714,-0.8941,-1.6295,"12,967,915","707,530,560"
600760,÷–∫Ω…Ú∑…,2022-03-07,54.4681,54.7562,53.1668,53.2164,-0.7550,-1.3989,"12,664,482","685,692,944"
600760,÷–∫Ω…Ú∑…,2022-03-08,52.7992,53.4449,50.5939,50.7131,-2.5034,-4.7041,"14,509,285","757,222,848"
600760,÷–∫Ω…Ú∑…,2022-03-09,50.9118,51.3190,47.1368,51.0508,0.3378,0.6660,"21,994,669","1,090,295,248"
600760,÷–∫Ω…Ú∑…,2022-03-10,51.5873,53.9416,51.5873,53.0277,1.9769,3.8724,"18,748,074","998,246,016"
600760,÷–∫Ω…Ú∑…,2022-03-11,52.4515,54.5973,51.8157,54.5377,1.5100,2.8475,"15,451,391","830,407,808"
600760,÷–∫Ω…Ú∑…,2022-03-14,53.6436,56.6139,53.4549,55.9682,1.4305,2.6230,"23,752,258","1,335,018,144"
600760,÷–∫Ω…Ú∑…,2022-03-15,55.3821,57.1205,54.6370,54.6469,-1.3212,-2.3607,"22,613,919","1,276,993,648"
600760,÷–∫Ω…Ú∑…,2022-03-16,55.4615,56.7728,53.7429,56.3755,1.7285,3.1631,"19,662,400","1,100,395,184"
600760,÷–∫Ω…Ú∑…,2022-03-17,56.8622,57.3887,55.5609,55.8291,-0.5464,-0.9692,"20,968,454","1,185,929,376"
600760,÷–∫Ω…Ú∑…,2022-03-18,55.4317,55.5311,53.9516,54.8059,-1.0232,-1.8327,"12,079,197","666,498,752"
600760,÷–∫Ω…Ú∑…,2022-03-21,54.6668,56.4251,54.6668,55.6304,0.8245,1.5044,"9,899,922","554,263,600"
600760,÷–∫Ω…Ú∑…,2022-03-22,55.5211,56.4251,54.7165,55.4814,-0.1490,-0.2679,"10,373,784","578,886,000"
600760,÷–∫Ω…Ú∑…,2022-03-23,55.1436,59.3855,55.0145,58.3623,2.8809,5.1925,"25,985,180","1,511,923,952"
600760,÷–∫Ω…Ú∑…,2022-03-24,57.6172,59.9020,57.4185,58.7199,0.3576,0.6128,"18,501,229","1,099,011,024"
600760,÷–∫Ω…Ú∑…,2022-03-25,58.7298,62.1272,58.3623,59.4053,0.6854,1.1673,"19,073,858","1,160,011,072"
600760,÷–∫Ω…Ú∑…,2022-03-28,58.5212,59.9616,58.1934,58.4715,-0.9338,-1.5719,"8,654,241","512,832,400"
600760,÷–∫Ω…Ú∑…,2022-03-29,60.5875,60.9948,57.3689,57.4781,-0.9934,-1.6989,"20,334,610","1,207,438,976"
600760,÷–∫Ω…Ú∑…,2022-03-30,57.4185,57.7861,55.8788,56.9715,-0.5066,-0.8814,"18,148,347","1,036,919,712"
600760,÷–∫Ω…Ú∑…,2022-03-31,56.6536,56.8026,55.2827,55.9185,-1.0530,-1.8483,"10,727,352","603,675,200"
600760,÷–∫Ω…Ú∑…,2022-04-01,55.5807,56.3556,55.2926,56.1172,0.1987,0.3553,"8,740,878","492,318,384"
600760,÷–∫Ω…Ú∑…,2022-04-06,55.8986,55.9284,52.3721,52.9979,-3.1193,-5.5585,"16,955,931","912,000,032"
600760,÷–∫Ω…Ú∑…,2022-04-07,52.8986,55.3125,52.6502,53.8025,0.8047,1.5183,"14,059,983","768,749,920"
600760,÷–∫Ω…Ú∑…,2022-04-08,53.5939,54.2396,52.5012,53.0277,-0.7749,-1.4402,"9,311,055","499,978,832"
600760,÷–∫Ω…Ú∑…,2022-04-11,52.7396,52.9681,50.6535,50.9714,-2.0563,-3.8779,"12,618,917","651,908,496"
600760,÷–∫Ω…Ú∑…,2022-04-12,50.9614,51.0608,49.1832,50.8223,-0.1490,-0.2923,"12,012,697","604,695,136"
600760,÷–∫Ω…Ú∑…,2022-04-13,50.4647,50.8521,49.7793,50.1369,-0.6854,-1.3487,"6,726,905","341,019,152"
600760,÷–∫Ω…Ú∑…,2022-04-14,49.9680,51.7859,49.6799,51.4482,1.3113,2.6154,"9,197,295","471,338,704"
600760,÷–∫Ω…Ú∑…,2022-04-15,50.8621,52.6303,50.3356,51.9747,0.5265,1.0234,"11,237,210","584,777,136"
600760,÷–∫Ω…Ú∑…,2022-04-18,51.4581,53.5641,51.3389,53.2661,1.2914,2.4847,"12,903,188","686,655,680"
600760,÷–∫Ω…Ú∑…,2022-04-19,52.9482,53.8125,52.7694,53.6436,0.3775,0.7087,"8,251,994","443,257,648"
600760,÷–∫Ω…Ú∑…,2022-04-20,53.5244,53.8323,52.4615,53.4350,-0.2086,-0.3889,"9,050,422","485,008,688"
600760,÷–∫Ω…Ú∑…,2022-04-21,52.9482,54.2098,51.3687,51.4482,-1.9868,-3.7182,"8,080,304","427,708,080"
600760,÷–∫Ω…Ú∑…,2022-04-22,51.2892,51.5575,50.2660,50.3654,-1.0828,-2.1047,"7,036,457","359,556,976"
600760,÷–∫Ω…Ú∑…,2022-04-25,49.9184,49.9184,46.6600,46.6898,-3.6756,-7.2978,"11,424,069","552,259,744"
600760,÷–∫Ω…Ú∑…,2022-04-26,46.9878,47.5243,42.7162,43.2328,-3.4570,-7.4043,"13,784,526","618,473,776"
600760,÷–∫Ω…Ú∑…,2022-04-27,42.7162,47.0971,42.3784,46.6699,3.4372,7.9504,"17,148,632","778,021,216"
600760,÷–∫Ω…Ú∑…,2022-04-28,45.9944,48.7759,45.9746,47.0574,0.3874,0.8301,"10,720,587","511,048,080"
600760,÷–∫Ω…Ú∑…,2022-04-29,47.3951,49.8389,46.9878,49.5707,2.5133,5.3409,"11,914,249","582,559,424"
600760,÷–∫Ω…Ú∑…,2022-05-05,50.0674,53.8323,49.7097,52.2528,2.6822,5.4108,"20,332,892","1,070,291,568"
600760,÷–∫Ω…Ú∑…,2022-05-06,50.7925,53.7429,50.7627,52.4515,0.1987,0.3802,"14,100,878","742,864,560"
600760,÷–∫Ω…Ú∑…,2022-05-09,52.8688,54.8257,52.4515,54.7363,2.2848,4.3561,"17,168,648","931,392,352"
600760,÷–∫Ω…Ú∑…,2022-05-10,53.8920,55.8192,53.4449,55.2132,0.4768,0.8712,"16,989,462","937,073,184"
600760,÷–∫Ω…Ú∑…,2022-05-11,55.5311,56.1271,53.7529,54.2595,-0.9537,-1.7272,"19,298,177","1,067,637,440"
600760,÷–∫Ω…Ú∑…,2022-05-12,53.7231,55.5609,53.7231,55.3423,1.0828,1.9956,"12,595,624","694,752,096"
600760,÷–∫Ω…Ú∑…,2022-05-13,55.3423,55.5708,54.4483,54.7363,-0.6060,-1.0950,"6,774,629","373,427,568"
600760,÷–∫Ω…Ú∑…,2022-05-16,55.6403,55.9483,54.0112,54.1006,-0.6358,-1.1615,"7,202,829","397,042,448"
600760,÷–∫Ω…Ú∑…,2022-05-17,54.1006,55.0840,53.5641,54.6171,0.5166,0.9548,"6,812,783","373,654,032"
600760,÷–∫Ω…Ú∑…,2022-05-18,54.8357,55.2132,53.9714,54.3390,-0.2782,-0.5093,"7,107,478","390,266,448"
600760,÷–∫Ω…Ú∑…,2022-05-19,53.6535,54.7363,53.1767,54.3887,0.0497,0.0914,"11,211,109","607,668,208"
600760,÷–∫Ω…Ú∑…,2022-05-20,54.3887,55.5112,54.1900,54.9648,0.5762,1.0594,"8,626,371","475,898,688"
600760,÷–∫Ω…Ú∑…,2022-05-23,54.6370,55.1138,53.4350,54.9350,-0.0298,-0.0542,"10,393,919","566,026,336"
600760,÷–∫Ω…Ú∑…,2022-05-24,54.9350,56.4947,52.0939,52.0939,-2.8411,-5.1718,"20,380,404","1,111,991,088"
600760,÷–∫Ω…Ú∑…,2022-05-25,51.9250,53.6933,51.6667,53.0476,0.9537,1.8307,"10,969,140","584,608,352"
600760,÷–∫Ω…Ú∑…,2022-05-26,52.9800,55.4100,52.9800,54.1800,1.1324,2.1348,"15,616,162","850,227,072"
600760,÷–∫Ω…Ú∑…,2022-05-27,54.7300,55.2600,53.9000,54.1100,-0.0700,-0.1292,"11,349,548","619,662,976"
600760,÷–∫Ω…Ú∑…,2022-05-30,54.2000,55.2000,53.9000,55.0600,0.9500,1.7557,"8,584,606","469,119,040"
600760,÷–∫Ω…Ú∑…,2022-05-31,55.0600,56.1000,54.7000,55.8700,0.8100,1.4711,"11,264,182","625,972,704"
600760,÷–∫Ω…Ú∑…,2022-06-01,55.6000,58.1200,55.3100,57.0000,1.1300,2.0226,"16,568,477","947,263,424"
600760,÷–∫Ω…Ú∑…,2022-06-02,56.8000,57.7900,56.1700,57.2300,0.2300,0.4035,"9,623,843","548,813,488"
600760,÷–∫Ω…Ú∑…,2022-06-06,57.2400,58.0700,56.2400,57.9200,0.6900,1.2057,"11,602,438","665,151,856"
600760,÷–∫Ω…Ú∑…,2022-06-07,57.6000,59.2600,57.6000,58.5600,0.6400,1.1050,"13,172,752","770,505,808"
600760,÷–∫Ω…Ú∑…,2022-06-08,58.2000,58.4800,55.7800,56.9500,-1.6100,-2.7493,"17,716,517","1,007,837,376"
600760,÷–∫Ω…Ú∑…,2022-06-09,56.9500,57.2400,55.5500,55.9100,-1.0400,-1.8262,"11,306,204","636,015,168"
600760,÷–∫Ω…Ú∑…,2022-06-10,56.0700,58.5000,56.0500,58.4200,2.5100,4.4894,"17,251,518","998,936,928"
600760,÷–∫Ω…Ú∑…,2022-06-13,58.7500,59.5500,57.0900,59.1600,0.7400,1.2667,"17,956,610","1,051,571,728"
600760,÷–∫Ω…Ú∑…,2022-06-14,57.8000,58.4500,56.3500,57.4200,-1.7400,-2.9412,"12,735,421","728,449,120"
600760,÷–∫Ω…Ú∑…,2022-06-15,57.4800,58.4100,57.1800,57.4200,0.0000,0.0000,"10,445,431","604,424,880"
600760,÷–∫Ω…Ú∑…,2022-06-16,57.4200,58.3100,56.6000,57.0200,-0.4000,-0.6966,"8,189,634","470,540,192"
600760,÷–∫Ω…Ú∑…,2022-06-17,56.7700,57.2900,55.8700,56.9300,-0.0900,-0.1578,"11,413,804","644,927,504"
600760,÷–∫Ω…Ú∑…,2022-06-20,57.3000,58.5000,56.6300,57.6800,0.7500,1.3174,"11,150,871","644,532,000"
600760,÷–∫Ω…Ú∑…,2022-06-21,58.0000,58.0000,56.0600,56.4200,-1.2600,-2.1845,"9,213,469","522,570,480"
600760,÷–∫Ω…Ú∑…,2022-06-22,56.4200,56.8800,55.3200,55.3700,-1.0500,-1.8610,"7,680,174","430,371,136"
600760,÷–∫Ω…Ú∑…,2022-06-23,55.1700,59.1000,55.0300,58.9800,3.6100,6.5198,"23,316,576","1,345,169,184"
600760,÷–∫Ω…Ú∑…,2022-06-24,59.2000,60.9800,59.2000,59.4800,0.5000,0.8477,"21,821,245","1,310,354,032"
600760,÷–∫Ω…Ú∑…,2022-06-27,60.0000,60.0000,58.5800,59.0000,-0.4800,-0.8070,"14,137,440","836,040,336"
600760,÷–∫Ω…Ú∑…,2022-06-28,59.0300,61.2200,59.0300,60.7500,1.7500,2.9661,"22,992,878","1,392,913,584"
600760,÷–∫Ω…Ú∑…,2022-06-29,60.2800,61.2000,59.3600,59.3800,-1.3700,-2.2551,"12,038,731","724,631,824"
600760,÷–∫Ω…Ú∑…,2022-06-30,59.5100,61.1000,58.8400,60.4500,1.0700,1.8020,"13,500,993","813,610,288"
600760,÷–∫Ω…Ú∑…,2022-07-01,60.4500,62.8000,60.4500,61.6800,1.2300,2.0347,"16,802,987","1,037,446,624"
600760,÷–∫Ω…Ú∑…,2022-07-04,61.9700,63.9800,61.0000,63.4100,1.7300,2.8048,"19,038,410","1,202,712,448"
600760,÷–∫Ω…Ú∑…,2022-07-05,63.0100,63.3800,60.6800,62.0000,-1.4100,-2.2236,"16,719,169","1,032,752,976"
600760,÷–∫Ω…Ú∑…,2022-07-06,61.3700,62.3000,60.3600,61.4800,-0.5200,-0.8387,"13,413,943","823,207,552"
600760,÷–∫Ω…Ú∑…,2022-07-07,61.1500,62.6600,61.1500,61.7700,0.2900,0.4717,"13,015,150","806,376,224"
600760,÷–∫Ω…Ú∑…,2022-07-08,61.5000,62.4700,60.5100,61.3600,-0.4100,-0.6638,"9,725,239","596,832,000"
600760,÷–∫Ω…Ú∑…,2022-07-11,61.2500,61.2500,59.5000,60.3800,-0.9800,-1.5971,"10,428,936","626,718,624"
600760,÷–∫Ω…Ú∑…,2022-07-12,60.3700,62.3400,59.9000,59.9200,-0.4600,-0.7618,"11,889,323","724,765,216"
600760,÷–∫Ω…Ú∑…,2022-07-13,59.3800,59.8100,58.1800,58.5000,-1.4200,-2.3698,"11,685,855","686,473,328"
600760,÷–∫Ω…Ú∑…,2022-07-14,58.7300,60.2100,58.5100,59.5100,1.0100,1.7265,"9,250,365","550,901,584"
600760,÷–∫Ω…Ú∑…,2022-07-15,59.3400,60.2500,58.3600,58.4700,-1.0400,-1.7476,"9,233,715","545,397,920"
600760,÷–∫Ω…Ú∑…,2022-07-18,58.3500,58.6500,56.4300,57.4900,-0.9800,-1.6761,"14,494,205","827,476,464"
600760,÷–∫Ω…Ú∑…,2022-07-19,57.6200,58.0800,56.8100,57.8200,0.3300,0.5740,"10,401,663","597,385,984"
600760,÷–∫Ω…Ú∑…,2022-07-20,57.8900,59.8900,57.8900,59.8700,2.0500,3.5455,"18,685,541","1,103,252,480"
600760,÷–∫Ω…Ú∑…,2022-07-21,59.7500,59.7500,57.5400,57.5600,-2.3100,-3.8584,"17,261,539","1,003,878,032"
600760,÷–∫Ω…Ú∑…,2022-07-22,57.7700,58.2600,56.5700,57.4100,-0.1500,-0.2606,"9,040,168","517,218,336"
600760,÷–∫Ω…Ú∑…,2022-07-25,58.5000,59.1000,57.4200,57.7000,0.2900,0.5051,"10,029,750","583,073,920"
600760,÷–∫Ω…Ú∑…,2022-07-26,57.9500,59.1700,57.2800,58.8800,1.1800,2.0451,"12,928,964","758,226,016"
600760,÷–∫Ω…Ú∑…,2022-07-27,58.6000,62.1200,58.6000,61.0600,2.1800,3.7024,"25,000,413","1,522,749,056"
600760,÷–∫Ω…Ú∑…,2022-07-28,61.0600,62.0000,60.2800,61.8500,0.7900,1.2938,"15,339,452","938,778,272"
600760,÷–∫Ω…Ú∑…,2022-07-29,61.2700,61.6000,60.1900,61.1600,-0.6900,-1.1156,"12,705,931","773,438,208"
600760,÷–∫Ω…Ú∑…,2022-08-01,61.5000,62.0500,59.8500,60.5800,-0.5800,-0.9483,"12,303,278","745,701,808"
600760,÷–∫Ω…Ú∑…,2022-08-02,61.9900,62.5000,60.1000,61.0400,0.4600,0.7593,"27,554,272","1,691,655,984"
600760,÷–∫Ω…Ú∑…,2022-08-03,60.0000,65.3000,59.8000,64.5000,3.4600,5.6684,"40,919,643","2,610,511,168"
600760,÷–∫Ω…Ú∑…,2022-08-04,64.6100,65.1200,62.5100,63.4000,-1.1000,-1.7054,"21,790,461","1,390,268,304"
600760,÷–∫Ω…Ú∑…,2022-08-05,63.0500,64.6000,61.5800,63.0000,-0.4000,-0.6309,"18,414,088","1,158,517,728"
600760,÷–∫Ω…Ú∑…,2022-08-08,62.6600,64.9900,62.6200,64.4700,1.4700,2.3333,"16,196,546","1,042,256,624"
600760,÷–∫Ω…Ú∑…,2022-08-09,63.9900,67.7900,63.8300,67.0200,2.5500,3.9553,"25,260,583","1,665,569,936"
600760,÷–∫Ω…Ú∑…,2022-08-10,66.9100,69.2500,66.6600,67.6000,0.5800,0.8654,"21,292,215","1,451,333,536"
600760,÷–∫Ω…Ú∑…,2022-08-11,67.0800,68.2900,66.0000,67.8700,0.2700,0.3994,"12,402,991","838,178,880"
600760,÷–∫Ω…Ú∑…,2022-08-12,67.0100,68.7000,66.0700,66.1000,-1.7700,-2.6079,"12,945,607","867,244,112"
600760,÷–∫Ω…Ú∑…,2022-08-15,66.0000,66.7900,65.6500,66.1700,0.0700,0.1059,"8,098,872","535,547,840"
600760,÷–∫Ω…Ú∑…,2022-08-16,66.3000,67.0200,65.7600,66.1600,-0.0100,-0.0151,"6,621,152","438,636,048"
600760,÷–∫Ω…Ú∑…,2022-08-17,65.9800,66.2000,64.4100,65.0400,-1.1200,-1.6929,"9,829,371","638,729,088"
600760,÷–∫Ω…Ú∑…,2022-08-18,65.0400,65.7000,63.8500,65.1900,0.1500,0.2306,"8,265,268","535,132,656"
600760,÷–∫Ω…Ú∑…,2022-08-19,64.9500,65.7700,63.5100,63.5500,-1.6400,-2.5157,"7,739,190","497,894,240"
600760,÷–∫Ω…Ú∑…,2022-08-22,63.1100,65.0500,62.5000,64.7800,1.2300,1.9355,"7,314,742","470,128,544"
600760,÷–∫Ω…Ú∑…,2022-08-23,64.5500,64.8000,62.6200,63.7100,-1.0700,-1.6517,"9,218,041","585,330,848"
600760,÷–∫Ω…Ú∑…,2022-08-24,63.6400,63.6400,61.0600,61.3200,-2.3900,-3.7514,"9,200,099","569,316,560"
600760,÷–∫Ω…Ú∑…,2022-08-25,61.3900,61.8700,60.5300,61.4900,0.1700,0.2772,"7,624,836","466,626,544"
600760,÷–∫Ω…Ú∑…,2022-08-26,61.6100,62.2500,60.2100,60.6600,-0.8300,-1.3498,"8,667,671","530,047,776"
600760,÷–∫Ω…Ú∑…,2022-08-29,60.0000,61.7900,59.3800,61.6300,0.9700,1.5991,"9,149,848","559,290,320"
600760,÷–∫Ω…Ú∑…,2022-08-30,61.0000,61.1000,59.3800,59.6300,-2.0000,-3.2452,"10,235,834","612,729,200"
600760,÷–∫Ω…Ú∑…,2022-08-31,59.9200,60.1300,58.1800,58.7600,-0.8700,-1.4590,"9,131,617","538,120,608"
600760,÷–∫Ω…Ú∑…,2022-09-01,58.7600,59.5800,57.9000,58.5800,-0.1800,-0.3063,"10,240,615","599,726,640"
600760,÷–∫Ω…Ú∑…,2022-09-02,58.1800,59.3000,57.6000,58.6400,0.0600,0.1024,"7,929,956","463,432,304"
600760,÷–∫Ω…Ú∑…,2022-09-05,58.5000,59.3000,57.6700,58.1100,-0.5300,-0.9038,"5,673,299","331,524,800"
600760,÷–∫Ω…Ú∑…,2022-09-06,58.7000,63.9200,58.7000,62.5200,4.4100,7.5891,"28,199,501","1,754,513,296"
600760,÷–∫Ω…Ú∑…,2022-09-07,62.1000,65.1100,61.8900,64.3100,1.7900,2.8631,"19,493,407","1,240,904,624"
600760,÷–∫Ω…Ú∑…,2022-09-08,64.1600,65.9900,64.1600,65.2400,0.9300,1.4461,"15,204,314","994,711,024"
600760,÷–∫Ω…Ú∑…,2022-09-09,64.9900,66.9800,64.5800,65.7000,0.4600,0.7051,"14,740,235","970,644,688"
600760,÷–∫Ω…Ú∑…,2022-09-13,66.0000,68.1000,65.4900,67.6300,1.9300,2.9376,"16,656,451","1,116,693,376"
600760,÷–∫Ω…Ú∑…,2022-09-14,67.2400,68.0800,66.5500,67.3200,-0.3100,-0.4584,"10,442,083","703,223,552"
600760,÷–∫Ω…Ú∑…,2022-09-15,67.3900,67.5700,64.8200,65.5300,-1.7900,-2.6589,"10,073,898","662,001,632"
600760,÷–∫Ω…Ú∑…,2022-09-16,65.4000,67.2800,65.2100,65.6200,0.0900,0.1373,"13,680,939","907,866,816"
600760,÷–∫Ω…Ú∑…,2022-09-19,65.6700,67.1800,65.1500,65.5300,-0.0900,-0.1372,"7,925,814","521,231,328"
600760,÷–∫Ω…Ú∑…,2022-09-20,65.8000,66.8000,65.0300,65.5100,-0.0200,-0.0305,"7,158,562","470,746,560"
600760,÷–∫Ω…Ú∑…,2022-09-21,65.3600,66.1000,63.3000,65.7900,0.2800,0.4274,"10,285,832","667,157,152"
600760,÷–∫Ω…Ú∑…,2022-09-22,65.9800,67.1600,65.0000,66.3100,0.5200,0.7904,"9,506,292","632,128,912"
600760,÷–∫Ω…Ú∑…,2022-09-23,66.1100,70.7000,65.3300,66.3600,0.0500,0.0754,"23,050,545","1,556,000,336"
600760,÷–∫Ω…Ú∑…,2022-09-26,65.9000,66.6400,64.0000,64.2000,-2.1600,-3.2550,"12,712,544","829,543,408"
600760,÷–∫Ω…Ú∑…,2022-09-27,64.2000,66.1000,63.9900,64.9200,0.7200,1.1215,"8,114,648","527,857,808"
600760,÷–∫Ω…Ú∑…,2022-09-28,64.7900,66.4800,62.9000,63.3300,-1.5900,-2.4492,"8,942,724","574,995,184"
600760,÷–∫Ω…Ú∑…,2022-09-29,64.1900,65.6400,63.0700,63.7100,0.3800,0.6000,"8,839,100","568,158,768"
600760,÷–∫Ω…Ú∑…,2022-09-30,63.7200,63.9000,60.9400,60.9500,-2.7600,-4.3321,"9,519,925","586,715,248"
600760,÷–∫Ω…Ú∑…,2022-10-10,61.0000,62.2500,60.5000,60.9700,0.0200,0.0328,"7,647,039","469,232,800"
600760,÷–∫Ω…Ú∑…,2022-10-11,60.9700,61.6900,60.0000,60.7200,-0.2500,-0.4100,"6,512,415","395,171,568"
600760,÷–∫Ω…Ú∑…,2022-10-12,60.4200,61.9900,58.9100,61.9000,1.1800,1.9433,"7,184,620","434,059,936"
600760,÷–∫Ω…Ú∑…,2022-10-13,61.2000,63.3600,61.0600,61.7400,-0.1600,-0.2585,"7,425,614","461,080,944"
600760,÷–∫Ω…Ú∑…,2022-10-14,62.3000,65.9000,61.3400,64.9700,3.2300,5.2316,"12,484,467","797,448,512"
600760,÷–∫Ω…Ú∑…,2022-10-17,64.6800,69.4500,64.4300,69.4200,4.4500,6.8493,"19,700,229","1,340,051,328"
600760,÷–∫Ω…Ú∑…,2022-10-18,69.4300,70.0000,67.3300,69.3400,-0.0800,-0.1152,"13,418,405","928,013,264"
600760,÷–∫Ω…Ú∑…,2022-10-19,69.3300,69.4300,67.9800,68.1300,-1.2100,-1.7450,"6,845,146","469,355,696"
600760,÷–∫Ω…Ú∑…,2022-10-20,67.8200,68.7200,66.8500,67.4000,-0.7300,-1.0715,"5,556,231","376,425,600"
600760,÷–∫Ω…Ú∑…,2022-10-21,67.4100,69.6900,66.8000,67.8000,0.4000,0.5935,"8,712,508","592,462,384"
600760,÷–∫Ω…Ú∑…,2022-10-24,69.1900,72.8300,69.1900,71.9100,4.1100,6.0619,"24,025,222","1,717,459,536"
600760,÷–∫Ω…Ú∑…,2022-10-25,71.8000,73.0100,70.9300,71.7400,-0.1700,-0.2364,"10,736,723","774,397,184"
600760,÷–∫Ω…Ú∑…,2022-10-26,71.7000,72.9800,70.8700,72.0200,0.2800,0.3903,"8,034,570","576,839,696"
600760,÷–∫Ω…Ú∑…,2022-10-27,72.1500,72.1500,69.9900,71.3000,-0.7200,-0.9997,"7,774,337","551,604,176"
600760,÷–∫Ω…Ú∑…,2022-10-28,70.3500,72.5800,70.0300,70.6900,-0.6100,-0.8555,"6,983,602","498,025,056"
600760,÷–∫Ω…Ú∑…,2022-10-31,70.6900,73.0000,65.9800,72.4600,1.7700,2.5039,"18,866,160","1,316,522,016"
600760,÷–∫Ω…Ú∑…,2022-11-01,72.1000,72.6100,68.0800,68.7700,-3.6900,-5.0925,"17,516,070","1,218,774,512"
600760,÷–∫Ω…Ú∑…,2022-11-02,68.6300,68.7000,65.9400,67.6300,-1.1400,-1.6577,"25,106,326","1,679,404,256"
600760,÷–∫Ω…Ú∑…,2022-11-03,66.8400,69.6300,66.8000,68.3700,0.7400,1.0942,"14,657,152","999,808,896"
600760,÷–∫Ω…Ú∑…,2022-11-04,68.3800,68.8000,67.5100,68.6500,0.2800,0.4095,"9,368,156","639,645,296"
600760,÷–∫Ω…Ú∑…,2022-11-07,68.8900,68.9800,66.0000,66.3200,-2.3300,-3.3940,"16,327,987","1,092,283,584"
600760,÷–∫Ω…Ú∑…,2022-11-08,66.3000,67.4400,66.0000,67.2600,0.9400,1.4174,"9,925,067","663,998,224"
600760,÷–∫Ω…Ú∑…,2022-11-09,68.3000,68.6200,66.4500,66.5300,-0.7300,-1.0853,"11,083,685","749,079,568"
600760,÷–∫Ω…Ú∑…,2022-11-10,65.9300,66.3000,65.0000,65.3100,-1.2200,-1.8338,"8,761,447","573,954,000"
600760,÷–∫Ω…Ú∑…,2022-11-11,66.5000,66.8000,65.0000,66.3100,1.0000,1.5312,"12,315,485","811,099,824"
600760,÷–∫Ω…Ú∑…,2022-11-14,66.3100,66.9000,65.0000,65.7400,-0.5700,-0.8596,"9,024,235","595,668,896"
600760,÷–∫Ω…Ú∑…,2022-11-15,65.2100,66.3000,65.2000,66.1700,0.4300,0.6541,"9,665,869","636,842,928"
600760,÷–∫Ω…Ú∑…,2022-11-16,66.1800,68.3600,66.1800,67.1000,0.9300,1.4055,"17,205,965","1,158,864,864"
600760,÷–∫Ω…Ú∑…,2022-11-17,66.3300,66.7600,64.1000,65.8500,-1.2500,-1.8629,"12,998,499","845,071,744"
600760,÷–∫Ω…Ú∑…,2022-11-18,65.3900,65.9800,64.1600,64.2900,-1.5600,-2.3690,"8,355,473","540,474,672"
600760,÷–∫Ω…Ú∑…,2022-11-21,64.2700,64.7000,63.6000,64.4500,0.1600,0.2489,"9,051,580","581,174,240"
600760,÷–∫Ω…Ú∑…,2022-11-22,64.4400,66.9400,64.2000,65.5900,1.1400,1.7688,"15,609,265","1,024,487,616"
600760,÷–∫Ω…Ú∑…,2022-11-23,65.7000,66.5500,64.6100,66.1600,0.5700,0.8690,"9,830,121","645,627,328"
600760,÷–∫Ω…Ú∑…,2022-11-24,66.1000,66.5000,65.1100,65.3800,-0.7800,-1.1790,"6,663,808","438,182,576"
600760,÷–∫Ω…Ú∑…,2022-11-25,65.4800,65.5800,64.0000,64.1300,-1.2500,-1.9119,"6,644,036","430,175,728"
600760,÷–∫Ω…Ú∑…,2022-11-28,63.1100,65.1600,63.0000,64.6800,0.5500,0.8576,"6,073,352","389,618,224"
600760,÷–∫Ω…Ú∑…,2022-11-29,65.7000,67.0700,64.5100,64.7100,0.0300,0.0464,"12,213,958","801,543,072"
600760,÷–∫Ω…Ú∑…,2022-11-30,65.2800,65.5000,62.1600,62.2300,-2.4800,-3.8325,"22,380,778","1,409,042,048"
600760,÷–∫Ω…Ú∑…,2022-12-01,62.0200,62.7900,61.3700,62.7200,0.4900,0.7874,"14,448,753","897,166,528"
600760,÷–∫Ω…Ú∑…,2022-12-02,62.3600,62.3900,61.6600,61.8800,-0.8400,-1.3393,"9,551,057","592,252,800"
600760,÷–∫Ω…Ú∑…,2022-12-05,62.1600,62.3500,60.3000,60.8600,-1.0200,-1.6484,"19,272,428","1,179,693,856"
600760,÷–∫Ω…Ú∑…,2022-12-06,60.4500,61.3500,59.4600,61.3500,0.4900,0.8051,"17,071,336","1,031,046,416"
600760,÷–∫Ω…Ú∑…,2022-12-07,61.0000,62.2000,60.8300,62.2000,0.8500,1.3855,"14,988,299","925,869,648"
600760,÷–∫Ω…Ú∑…,2022-12-08,62.2900,62.3600,60.5800,60.7200,-1.4800,-2.3794,"12,168,407","746,199,728"
600760,÷–∫Ω…Ú∑…,2022-12-09,60.7200,61.0800,59.4600,59.6400,-1.0800,-1.7787,"14,207,337","850,120,288"
600760,÷–∫Ω…Ú∑…,2022-12-12,59.4400,60.4900,58.6000,60.0200,0.3800,0.6372,"11,345,876","675,229,040"
600760,÷–∫Ω…Ú∑…,2022-12-13,60.0000,60.0100,59.0100,59.1800,-0.8400,-1.3995,"6,653,293","395,203,728"
600760,÷–∫Ω…Ú∑…,2022-12-14,59.1100,60.1500,59.0000,59.6500,0.4700,0.7942,"6,071,439","362,794,688"
600760,÷–∫Ω…Ú∑…,2022-12-15,59.3800,60.0900,59.3800,59.7200,0.0700,0.1174,"4,846,545","289,423,024"
600760,÷–∫Ω…Ú∑…,2022-12-16,59.5900,59.7000,58.3000,58.6300,-1.0900,-1.8252,"6,500,460","382,156,032"
600760,÷–∫Ω…Ú∑…,2022-12-19,58.5100,58.9400,57.5500,57.7400,-0.8900,-1.5180,"6,777,202","393,642,704"
600760,÷–∫Ω…Ú∑…,2022-12-20,57.7100,58.6700,57.7000,58.5300,0.7900,1.3682,"7,562,617","440,897,200"
600760,÷–∫Ω…Ú∑…,2022-12-21,58.4900,59.2700,58.0200,58.3700,-0.1600,-0.2734,"6,038,577","354,519,792"
600760,÷–∫Ω…Ú∑…,2022-12-22,58.1500,59.2000,57.1000,58.4000,0.0300,0.0514,"6,778,508","393,626,768"
600760,÷–∫Ω…Ú∑…,2022-12-23,58.0200,58.3000,56.1000,56.4500,-1.9500,-3.3390,"8,195,404","467,335,056"
600760,÷–∫Ω…Ú∑…,2022-12-26,56.5000,59.2200,56.5000,59.1800,2.7300,4.8361,"14,165,332","824,420,416"
600760,÷–∫Ω…Ú∑…,2022-12-27,59.1000,59.6300,58.5300,58.9800,-0.2000,-0.3380,"6,258,755","368,994,640"
600760,÷–∫Ω…Ú∑…,2022-12-28,58.9900,58.9900,57.2400,57.6000,-1.3800,-2.3398,"7,899,776","458,028,560"
600760,÷–∫Ω…Ú∑…,2022-12-29,57.7000,59.5000,57.3000,58.4800,0.8800,1.5278,"9,961,254","583,341,104"
600760,÷–∫Ω…Ú∑…,2022-12-30,58.4700,59.2600,58.0000,58.6300,0.1500,0.2565,"6,556,715","384,817,744"
600760,÷–∫Ω…Ú∑…,2023-01-03,58.4100,60.6000,58.3200,60.4300,1.8000,3.0701,"13,545,769","811,266,976"
600760,÷–∫Ω…Ú∑…,2023-01-04,60.3600,60.3800,59.2200,59.7500,-0.6800,-1.1253,"7,151,213","427,271,392"
600760,÷–∫Ω…Ú∑…,2023-01-05,59.7600,60.2900,59.5500,60.1800,0.4300,0.7197,"7,794,901","467,346,848"
600760,÷–∫Ω…Ú∑…,2023-01-06,59.8600,60.2000,59.7700,60.0300,-0.1500,-0.2493,"6,336,497","379,926,080"
600760,÷–∫Ω…Ú∑…,2023-01-09,60.0400,60.4100,58.1600,58.4800,-1.5500,-2.5820,"12,150,775","715,386,080"
600760,÷–∫Ω…Ú∑…,2023-01-10,58.5500,58.8900,57.3800,57.6800,-0.8000,-1.3680,"11,801,763","680,782,688"
600760,÷–∫Ω…Ú∑…,2023-01-11,57.5100,58.5000,57.2700,57.6500,-0.0300,-0.0520,"7,168,498","414,274,768"
600760,÷–∫Ω…Ú∑…,2023-01-12,58.6000,58.9000,57.3600,57.5300,-0.1200,-0.2082,"8,921,236","516,405,552"
600760,÷–∫Ω…Ú∑…,2023-01-13,57.6600,57.8800,57.2200,57.7300,0.2000,0.3476,"5,721,587","329,353,552"
600760,÷–∫Ω…Ú∑…,2023-01-16,57.7500,58.6700,57.5500,58.4000,0.6700,1.1606,"10,509,019","612,020,272"
600760,÷–∫Ω…Ú∑…,2023-01-17,58.6000,59.1000,57.9800,58.8500,0.4500,0.7705,"9,000,515","528,641,616"
600760,÷–∫Ω…Ú∑…,2023-01-18,58.8500,59.0900,58.6100,58.8500,0.0000,0.0000,"4,925,860","289,962,704"
600760,÷–∫Ω…Ú∑…,2023-01-19,58.3000,59.6500,58.3000,59.5400,0.6900,1.1725,"7,186,293","425,080,160"
600760,÷–∫Ω…Ú∑…,2023-01-20,59.5400,59.9600,59.2800,59.5700,0.0300,0.0504,"6,244,611","371,972,544"
600760,÷–∫Ω…Ú∑…,2023-01-30,60.3800,61.9000,59.8500,61.2400,1.6700,2.8034,"21,581,542","1,315,909,664"
600760,÷–∫Ω…Ú∑…,2023-01-31,60.7800,61.3100,60.7000,61.0600,-0.1800,-0.2939,"8,892,607","542,655,920"
600760,÷–∫Ω…Ú∑…,2023-02-01,61.1300,61.3000,60.3500,61.3000,0.2400,0.3931,"9,983,120","608,360,688"
600760,÷–∫Ω…Ú∑…,2023-02-02,61.5900,61.7800,59.8200,59.9900,-1.3100,-2.1370,"16,717,960","1,012,234,960"
600760,÷–∫Ω…Ú∑…,2023-02-03,60.0000,60.5400,59.2100,60.4700,0.4800,0.8001,"11,518,702","689,317,088"
600760,÷–∫Ω…Ú∑…,2023-02-06,60.1000,60.9400,59.7700,59.9100,-0.5600,-0.9261,"7,552,587","455,151,456"
600760,÷–∫Ω…Ú∑…,2023-02-07,60.0000,60.3400,59.0000,59.3800,-0.5300,-0.8847,"9,170,419","545,288,928"
600760,÷–∫Ω…Ú∑…,2023-02-08,59.4000,59.4500,58.4900,58.4900,-0.8900,-1.4988,"7,971,213","468,627,776"
600760,÷–∫Ω…Ú∑…,2023-02-09,58.4200,59.2800,58.2800,59.1300,0.6400,1.0942,"7,996,215","471,734,224"
600760,÷–∫Ω…Ú∑…,2023-02-10,58.9900,59.1000,58.0000,58.2600,-0.8700,-1.4713,"10,956,625","639,373,232"
600760,÷–∫Ω…Ú∑…,2023-02-13,58.2600,58.8600,58.0700,58.4000,0.1400,0.2403,"10,911,929","637,213,760"
600760,÷–∫Ω…Ú∑…,2023-02-14,58.3000,58.3300,57.6000,58.0200,-0.3800,-0.6507,"10,485,673","606,620,272"
600760,÷–∫Ω…Ú∑…,2023-02-15,58.0300,58.5000,57.6800,58.4400,0.4200,0.7239,"8,241,656","479,130,480"
600760,÷–∫Ω…Ú∑…,2023-02-16,58.2300,58.6300,57.0300,57.5400,-0.9000,-1.5400,"12,548,197","727,627,776"
600760,÷–∫Ω…Ú∑…,2023-02-17,57.4800,57.6300,56.5000,56.7900,-0.7500,-1.3034,"11,361,571","646,374,272"
600760,÷–∫Ω…Ú∑…,2023-02-20,56.6700,57.2600,56.5100,57.1400,0.3500,0.6163,"6,531,218","372,001,168"
600760,÷–∫Ω…Ú∑…,2023-02-21,57.1600,58.1700,57.1600,57.9300,0.7900,1.3826,"9,335,298","539,815,008"
600760,÷–∫Ω…Ú∑…,2023-02-22,57.5800,58.1700,57.5000,57.7300,-0.2000,-0.3452,"5,892,134","340,456,416"
600760,÷–∫Ω…Ú∑…,2023-02-23,57.8300,57.8500,57.0000,57.2000,-0.5300,-0.9181,"6,276,809","360,568,480"
600760,÷–∫Ω…Ú∑…,2023-02-24,57.4800,59.2300,57.4800,58.4400,1.2400,2.1678,"21,747,254","1,274,856,000"
600760,÷–∫Ω…Ú∑…,2023-02-27,58.6000,58.7800,57.4800,57.7900,-0.6500,-1.1122,"12,248,116","710,606,128"
600760,÷–∫Ω…Ú∑…,2023-02-28,57.7700,58.0000,57.3800,57.8200,0.0300,0.0519,"6,064,763","350,029,392"
600760,÷–∫Ω…Ú∑…,2023-03-01,57.7000,57.9800,57.6400,57.9400,0.1200,0.2075,"6,748,516","390,164,656"
600760,÷–∫Ω…Ú∑…,2023-03-02,57.9400,58.4000,57.4400,57.7100,-0.2300,-0.3970,"8,499,254","491,711,072"
600760,÷–∫Ω…Ú∑…,2023-03-03,57.7100,59.0400,57.4600,59.0300,1.3200,2.2873,"22,680,634","1,330,368,896"
600760,÷–∫Ω…Ú∑…,2023-03-06,60.0000,60.1600,58.3800,59.2600,0.2300,0.3896,"23,835,109","1,412,341,008"
600760,÷–∫Ω…Ú∑…,2023-03-07,59.0000,59.1600,58.1100,58.2500,-1.0100,-1.7044,"12,599,922","739,149,744"
600760,÷–∫Ω…Ú∑…,2023-03-08,57.9800,58.9000,57.6900,58.7800,0.5300,0.9099,"9,318,074","544,472,208"
600760,÷–∫Ω…Ú∑…,2023-03-09,58.6600,58.7800,56.7900,57.0000,-1.7800,-3.0282,"19,348,883","1,109,646,192"
600760,÷–∫Ω…Ú∑…,2023-03-10,56.7000,57.1700,56.6000,56.6600,-0.3400,-0.5965,"7,464,055","423,895,888"
600760,÷–∫Ω…Ú∑…,2023-03-13,56.5800,56.9800,56.2500,56.8600,0.2000,0.3530,"5,719,091","323,710,256"
600760,÷–∫Ω…Ú∑…,2023-03-14,56.7500,56.7900,54.6000,55.5700,-1.2900,-2.2687,"10,826,231","603,891,360"
600760,÷–∫Ω…Ú∑…,2023-03-15,55.8700,55.8700,54.8900,55.0600,-0.5100,-0.9178,"8,279,866","457,627,392"
600760,÷–∫Ω…Ú∑…,2023-03-16,54.7000,55.0000,53.1600,53.5000,-1.5600,-2.8333,"10,505,214","566,272,272"
600760,÷–∫Ω…Ú∑…,2023-03-17,53.7400,54.1100,53.1300,53.6700,0.1700,0.3178,"6,405,419","343,828,992"
600760,÷–∫Ω…Ú∑…,2023-03-20,53.8900,54.4900,53.5500,53.9300,0.2600,0.4844,"5,932,103","320,712,240"
600760,÷–∫Ω…Ú∑…,2023-03-21,54.7800,56.9000,54.6100,55.5600,1.6300,3.0224,"15,085,164","843,950,272"
600760,÷–∫Ω…Ú∑…,2023-03-22,55.5000,55.5000,54.5000,54.8500,-0.7100,-1.2779,"8,621,960","472,923,376"
600760,÷–∫Ω…Ú∑…,2023-03-23,54.6000,55.2000,54.2600,55.1900,0.3400,0.6199,"7,339,906","401,287,568"
600760,÷–∫Ω…Ú∑…,2023-03-24,55.0000,55.1900,54.7300,54.8200,-0.3700,-0.6704,"5,349,860","293,741,216"
600760,÷–∫Ω…Ú∑…,2023-03-27,54.8800,54.9000,53.8800,54.0300,-0.7900,-1.4411,"6,609,035","357,397,216"
600760,÷–∫Ω…Ú∑…,2023-03-28,54.1700,54.4600,53.3500,53.5400,-0.4900,-0.9069,"6,173,202","331,981,152"
600760,÷–∫Ω…Ú∑…,2023-03-29,53.5700,53.5900,53.0100,53.4200,-0.1200,-0.2241,"5,579,047","297,095,088"
600760,÷–∫Ω…Ú∑…,2023-03-30,53.4500,53.6900,53.1100,53.6800,0.2600,0.4867,"5,064,453","270,454,064"
600760,÷–∫Ω…Ú∑…,2023-03-31,53.7300,54.0000,53.4800,53.8400,0.1600,0.2981,"5,054,681","271,881,824"
600760,÷–∫Ω…Ú∑…,2023-04-03,53.8400,54.6000,53.6900,54.3700,0.5300,0.9844,"7,611,228","412,553,088"
600760,÷–∫Ω…Ú∑…,2023-04-04,54.3400,54.5500,53.4000,53.8800,-0.4900,-0.9012,"7,606,871","409,924,288"
600760,÷–∫Ω…Ú∑…,2023-04-06,53.7300,54.2700,53.3900,54.2000,0.3200,0.5939,"7,241,056","390,871,520"
600760,÷–∫Ω…Ú∑…,2023-04-07,54.2400,54.6000,54.1700,54.3800,0.1800,0.3321,"6,035,026","328,446,320"
600760,÷–∫Ω…Ú∑…,2023-04-10,55.2000,55.6200,54.6100,54.8100,0.4300,0.7907,"9,257,402","510,620,240"
600760,÷–∫Ω…Ú∑…,2023-04-11,54.8100,55.1100,54.5100,54.7500,-0.0600,-0.1095,"4,227,743","231,492,699"
600760,÷–∫Ω…Ú∑…,2023-04-12,54.7600,55.0000,54.5000,54.7800,0.0300,0.0548,"4,065,882","222,494,757"
600760,÷–∫Ω…Ú∑…,2023-04-13,54.8200,55.2200,54.0000,54.9900,0.2100,0.3834,"6,462,381","353,540,800"
600760,÷–∫Ω…Ú∑…,2023-04-14,55.0000,55.1000,54.4000,54.8500,-0.1400,-0.2546,"4,429,737","242,360,939"
600760,÷–∫Ω…Ú∑…,2023-04-17,54.7600,55.6000,54.4000,55.5700,0.7200,1.3127,"7,941,953","437,867,488"
600760,÷–∫Ω…Ú∑…,2023-04-18,55.6000,57.3600,55.3300,56.5500,0.9800,1.7635,"16,112,549","908,667,520"
600760,÷–∫Ω…Ú∑…,2023-04-19,56.4800,56.7400,55.8500,56.2100,-0.3400,-0.6012,"8,076,478","453,718,864"
600760,÷–∫Ω…Ú∑…,2023-04-20,56.0600,56.2000,55.4000,55.8200,-0.3900,-0.6938,"5,985,703","333,536,752"
600760,÷–∫Ω…Ú∑…,2023-04-21,55.5900,57.5000,55.5500,56.6100,0.7900,1.4153,"14,727,178","838,858,976"
600760,÷–∫Ω…Ú∑…,2023-04-24,56.3000,57.5000,55.2500,56.9500,0.3400,0.6006,"10,298,836","583,087,680"
600760,÷–∫Ω…Ú∑…,2023-04-25,57.4800,57.8900,56.6900,56.8900,-0.0600,-0.1054,"12,003,174","687,773,504"
600760,÷–∫Ω…Ú∑…,2023-04-26,56.6700,57.4100,56.1100,57.2500,0.3600,0.6328,"10,529,578","598,886,272"
600760,÷–∫Ω…Ú∑…,2023-04-27,57.2600,57.7000,56.7100,57.4500,0.2000,0.3493,"8,446,732","484,053,472"
600760,÷–∫Ω…Ú∑…,2023-04-28,57.1600,57.7100,57.1300,57.5100,0.0600,0.1044,"8,177,223","469,622,560"
600760,÷–∫Ω…Ú∑…,2023-05-04,57.3300,57.8500,56.6000,56.6100,-0.9000,-1.5649,"8,414,134","479,691,376"
600760,÷–∫Ω…Ú∑…,2023-05-05,56.5600,56.9500,55.6500,56.0100,-0.6000,-1.0599,"7,606,055","426,646,080"
600760,÷–∫Ω…Ú∑…,2023-05-08,56.0100,58.7300,55.9800,58.6200,2.6100,4.6599,"21,318,242","1,237,009,344"
600760,÷–∫Ω…Ú∑…,2023-05-09,58.9500,61.6200,58.8500,59.1600,0.5400,0.9212,"31,168,385","1,876,444,240"
600760,÷–∫Ω…Ú∑…,2023-05-10,59.1400,59.1400,56.6600,57.3200,-1.8400,-3.1102,"16,960,342","974,281,088"
600760,÷–∫Ω…Ú∑…,2023-05-11,57.0500,57.8600,56.8100,57.4900,0.1700,0.2966,"6,699,054","384,791,408"
600760,÷–∫Ω…Ú∑…,2023-05-12,57.4100,57.4600,56.3500,57.1500,-0.3400,-0.5914,"8,407,287","477,741,888"
600760,÷–∫Ω…Ú∑…,2023-05-15,57.0100,59.9500,56.8200,59.7900,2.6400,4.6194,"20,233,130","1,193,411,168"
600760,÷–∫Ω…Ú∑…,2023-05-16,59.6500,60.2300,59.0000,59.7900,0.0000,0.0000,"11,516,595","688,432,304"
600760,÷–∫Ω…Ú∑…,2023-05-17,59.7500,61.6500,59.1300,60.7200,0.9300,1.5554,"18,315,518","1,110,510,656"
600760,÷–∫Ω…Ú∑…,2023-05-18,60.7100,60.7200,59.7500,59.8400,-0.8800,-1.4493,"8,494,652","510,342,688"
600760,÷–∫Ω…Ú∑…,2023-05-19,59.5900,60.6700,59.2400,59.6100,-0.2300,-0.3844,"8,677,333","519,726,656"
600760,÷–∫Ω…Ú∑…,2023-05-22,59.6100,60.2400,58.8000,59.4300,-0.1800,-0.3020,"6,939,840","412,604,544"
600760,÷–∫Ω…Ú∑…,2023-05-23,59.5000,59.5500,58.0000,58.0600,-1.3700,-2.3052,"8,824,270","515,330,032"
600760,÷–∫Ω…Ú∑…,2023-05-24,57.7000,58.9600,57.3000,58.0000,-0.0600,-0.1033,"7,491,539","435,556,640"
,,,,,,,,,,
,,,,,,,,,,
,,,,,,,,,,
,,,,,,,,,,
,,,,,,,,,,
 ˝æ›¿¥‘¥£∫∂´∑Ω≤∆∏ªChoice ˝æ›,,,,,,,,,,
