code,time,open,high,low,close,quote colume,volume
600760,1-Jun-20,23.43025,24.02832,23.24028,23.92982,11725004,395822400
600760,2-Jun-20,23.84538,24.23237,23.64133,23.69059,7478605,253901793
600760,3-Jun-20,23.69763,23.84538,23.26842,23.43729,8314608,278369952
600760,4-Jun-20,23.50061,23.54987,22.93772,22.97994,9816228,323289072
600760,5-Jun-20,22.97994,23.11363,22.74071,22.90958,4810723,156534255
600760,8-Jun-20,23.01512,23.52172,22.58592,23.19806,11378745,373264704
600760,9-Jun-20,23.21917,23.2825,22.65628,23.0503,8684534,283424208
600760,10-Jun-20,23.00105,23.16288,22.65628,22.96587,7998145,259976246
600760,11-Jun-20,22.97291,23.07141,22.65628,22.81107,7007788,228137892
600760,12-Jun-20,22.57888,22.97291,22.41705,22.97291,7937771,256925286
600760,15-Jun-20,22.93069,22.93069,22.43112,22.43112,7563911,243532246
600760,16-Jun-20,22.52259,22.90958,22.52259,22.797,8024944,259387513
600760,17-Jun-20,23.18399,23.75391,22.93772,23.50765,17568658,584951024
600760,18-Jun-20,23.2262,23.25435,22.50852,22.71257,14407207,465470144
600760,19-Jun-20,22.65495,22.73977,22.53478,22.72564,8142118,260707181
600760,22-Jun-20,22.71857,22.86701,22.61961,22.8458,8271998,266346736
600760,23-Jun-20,22.81753,23.12148,22.61961,23.11441,8718955,282134192
600760,24-Jun-20,23.11441,23.11441,22.72564,22.79632,7041307,227804480
600760,29-Jun-20,22.69029,23.29113,22.55599,23.06493,9307129,302709152
600760,30-Jun-20,23.10734,23.29113,22.9589,23.19924,8477488,277698480
600760,1-Jul-20,23.32647,23.89196,23.11441,23.89196,15726575,522264576
600760,2-Jul-20,23.9273,23.9273,23.63749,23.74352,12988644,436400720
600760,3-Jul-20,23.87782,25.34103,23.78593,24.89571,25846467,903664320
600760,6-Jul-20,25.37637,27.38386,25.37637,27.38386,28138099,1075764128
600760,7-Jul-20,28.76931,30.11942,28.42295,30.11942,25667441,1066718304
600760,8-Jul-20,31.62504,33.13066,31.24333,33.13066,27090077,1247938704
600760,9-Jul-20,36.44584,36.44584,36.44584,36.44584,3021109,155768380
600760,10-Jul-20,40.09325,40.09325,40.09325,40.09325,8391490,475965312
600760,13-Jul-20,38.87745,42.32694,36.17723,41.35147,79636567,4369316864
600760,14-Jul-20,40.29118,45.48662,39.94481,41.73318,74467491,4464470528
600760,15-Jul-20,42.20678,43.83963,38.66539,40.49617,59840479,3543923232
600760,16-Jul-20,39.26622,41.72611,36.60135,38.213,53942422,3022328368
600760,17-Jul-20,38.52402,42.03713,36.89824,42.03713,55323777,3170242176
600760,20-Jul-20,43.68412,46.24296,43.54274,46.24296,17992156,1152175840
600760,21-Jul-20,49.76314,50.82343,42.8783,43.00553,75968691,4918441984
600760,22-Jul-20,42.4047,45.51489,42.4047,43.64171,59506312,3714663712
600760,23-Jul-20,44.50408,48.00305,42.75813,48.00305,67866270,4418942208
600760,24-Jul-20,49.21885,52.66127,45.94608,46.51157,79536085,5624794880
600760,27-Jul-20,45.31697,48.54733,42.16436,46.6176,52474483,3346061616
600760,28-Jul-20,45.52196,47.62135,44.20013,45.0625,34487175,2227173632
600760,29-Jul-20,44.53235,46.25003,43.64171,45.73402,37441027,2385796144
600760,30-Jul-20,45.58558,48.01012,44.2072,46.33485,42506329,2757418944
600760,31-Jul-20,46.05211,46.33485,44.48287,45.18974,30118600,1928846352
600760,3-Aug-20,45.84005,49.43798,44.89992,48.62509,48370324,3268693936
600760,4-Aug-20,47.36687,47.64255,45.09784,45.09784,40992077,2667293680
600760,5-Aug-20,44.44753,46.78018,43.83256,45.76936,33247891,2151816688
600760,6-Aug-20,45.59265,50.34983,45.50782,50.34983,63596725,4405234176
600760,7-Aug-20,48.77353,54.77479,47.11947,51.88373,61493100,4360990208
600760,10-Aug-20,50.93653,55.6301,49.12696,49.16231,51654670,3794724848
600760,11-Aug-20,47.78392,50.75275,46.82966,47.9253,34128969,2342007552
600760,12-Aug-20,47.3598,49.12696,44.99888,46.41261,32240299,2139178496
600760,13-Aug-20,46.63881,47.50117,45.50782,45.84712,27108390,1788694224
600760,14-Aug-20,45.23215,48.22218,44.8151,46.75897,30366724,2010358016
600760,17-Aug-20,46.65294,48.68871,45.66333,48.09494,29964713,2010054656
600760,18-Aug-20,47.61428,49.84796,47.57187,48.11615,26601178,1824536304
600760,19-Aug-20,47.63548,47.77685,45.36645,45.47248,25551866,1679045392
600760,20-Aug-20,45.23922,45.93194,42.19971,42.34815,34742919,2137510656
600760,21-Aug-20,43.04123,43.64913,42.03748,42.68779,22156288,1343558224
600760,24-Aug-20,43.08364,43.6774,42.10817,42.85744,13294308,804075024
600760,25-Aug-20,42.87158,43.03416,40.68031,41.13977,22869956,1341673904
600760,26-Aug-20,41.42251,42.05162,40.20671,40.53186,14512955,841651664
600760,27-Aug-20,40.97719,41.33062,40.36222,40.92771,13106465,757994512
600760,28-Aug-20,41.18889,42.62382,40.65874,41.42216,21544462,1261411712
600760,31-Aug-20,41.4575,42.94898,40.64461,41.74025,28170981,1671943184
600760,1-Sep-20,41.95937,43.23172,41.49991,42.55314,29923881,1803831728
600760,2-Sep-20,42.48245,42.48952,40.36186,40.64461,24485463,1426432736
600760,3-Sep-20,40.28411,40.60926,39.28743,40.22049,19219686,1082949664
600760,4-Sep-20,39.58431,40.80012,39.48536,40.47496,13589552,774247456
600760,7-Sep-20,40.47496,40.47496,38.74315,38.98348,13298288,742999056
600760,8-Sep-20,38.98348,39.72569,38.53109,39.59845,10733237,594144320
600760,9-Sep-20,38.88452,42.34108,38.78556,40.96976,26719948,1535708112
600760,10-Sep-20,40.85667,40.8708,39.00469,39.0471,15313387,866320528
600760,11-Sep-20,38.74315,39.35812,37.29408,38.0787,20180317,1085987808
600760,14-Sep-20,38.0787,38.51695,37.36477,37.55562,13236383,708280080
600760,15-Sep-20,37.64044,38.24127,37.3577,38.10697,11048198,591268080
600760,16-Sep-20,38.15645,38.31903,37.39304,37.47786,8820142,470584672
600760,17-Sep-20,37.6263,38.24834,36.86289,37.67579,10595304,562806944
600760,18-Sep-20,38.02922,39.33691,37.81716,39.21674,18519262,1019362608
600760,21-Sep-20,40.1074,42.81468,40.07912,41.28078,30253872,1781996256
600760,22-Sep-20,40.33359,40.52444,39.24502,39.52776,14736820,827940512
600760,23-Sep-20,39.28036,39.92361,38.5947,39.64793,9665260,536201344
600760,24-Sep-20,39.02589,39.40053,38.05749,38.17765,9423111,514433232
600760,25-Sep-20,38.45333,38.934,38.02215,38.0999,8024944,435344512
600760,28-Sep-20,38.02922,38.86331,37.72527,38.24127,7958902,431400432
600760,29-Sep-20,38.80677,40.84253,38.58764,40.5103,20430617,1159214048
600760,30-Sep-20,40.57392,40.77184,39.67621,40.49617,11234196,640709664
600760,9-Oct-20,40.99804,41.16769,40.05084,41.16769,14176070,815592016
600760,12-Oct-20,41.88162,45.23922,41.37268,43.66998,29516175,1809232624
600760,13-Oct-20,43.11863,44.10824,42.7652,44.00927,13811273,847890432
600760,14-Oct-20,44.61718,46.79431,44.26374,45.5573,27607382,1779336624
600760,15-Oct-20,45.05543,46.33485,45.05543,45.34525,16040332,1037457312
600760,16-Oct-20,45.23922,45.80471,42.7652,42.94898,17390174,1076375712
600760,19-Oct-20,43.42258,43.57809,42.46125,43.15397,11145569,681013328
600760,20-Oct-20,43.11863,43.33068,41.87455,43.11863,12269374,740272624
600760,21-Oct-20,43.06208,43.23172,40.9627,41.31613,14020983,830250320
600760,22-Oct-20,41.2101,41.26665,39.72569,41.03338,9166982,525781168
600760,23-Oct-20,41.03338,41.48577,39.37932,39.52776,8729740,497926864
600760,26-Oct-20,39.56311,40.34066,39.13899,40.28411,7646155,431858464
600760,27-Oct-20,39.93774,40.70116,39.59138,40.39721,8515869,483576416
600760,28-Oct-20,40.47496,40.4891,39.23088,40.2629,8116602,457539248
600760,29-Oct-20,39.58431,40.02257,39.26622,39.92361,7721999,433449024
600760,30-Oct-20,40.66581,41.35147,36.40343,36.6367,26223745,1428069120
600760,2-Nov-20,36.38223,37.3789,35.69657,37.15977,14479260,755985952
600760,3-Nov-20,37.15977,38.34024,36.96892,38.0999,11278881,603007552
600760,4-Nov-20,38.08577,40.38307,37.66872,39.64793,16465765,909448096
600760,5-Nov-20,38.91279,39.57018,38.00094,38.58764,11830927,646921920
600760,6-Nov-20,37.81716,38.63005,36.41757,37.07495,14429468,759051856
600760,9-Nov-20,36.75686,38.16352,36.38223,37.75354,11702798,619016064
600760,10-Nov-20,37.6051,37.9656,36.9053,37.09616,8157799,429624992
600760,11-Nov-20,36.96892,37.53441,36.05,36.19137,9361296,485059392
600760,12-Nov-20,36.26913,37.13857,36.10655,36.55894,6342212,328386816
600760,13-Nov-20,36.55894,37.95853,36.23378,37.20219,13031236,685355968
600760,16-Nov-20,37.30822,39.08951,37.30822,37.95853,16219166,873500560
600760,17-Nov-20,37.81716,37.81716,35.48451,35.97932,15690918,800964560
600760,18-Nov-20,36.05,36.57308,35.54106,36.4105,8956352,458419936
600760,19-Nov-20,36.05,39.93774,35.70364,39.42173,28626637,1561386368
600760,20-Nov-20,39.41467,40.9839,38.8209,39.63379,24906462,1401177536
600760,23-Nov-20,39.23088,40.34066,38.87745,39.56311,15367450,862572272
600760,24-Nov-20,39.42173,40.49617,38.50282,38.74315,14264049,795731520
600760,25-Nov-20,38.38265,38.64418,37.32235,37.3577,10574050,566184816
600760,26-Nov-20,37.6051,38.60178,36.97599,38.28369,12910184,692977744
600760,27-Nov-20,38.31196,42.11488,38.06456,42.10781,40142818,2345954784
600760,30-Nov-20,42.27039,44.35564,41.14648,42.92777,40618660,2477785152
600760,1-Dec-20,42.92777,45.43714,42.55314,44.3415,27788437,1737396736
600760,2-Dec-20,43.82549,45.55024,43.47206,44.1153,24746237,1555092480
600760,3-Dec-20,43.96686,44.48994,43.5074,44.17892,13539213,842076912
600760,4-Dec-20,43.50034,44.74441,42.539,44.32029,17765696,1098385648
600760,7-Dec-20,44.16478,44.66666,43.15397,44.37684,18404254,1147105328
600760,8-Dec-20,43.97393,46.15814,43.19638,43.89618,17697262,1111861552
600760,9-Dec-20,43.40137,44.32029,41.19596,41.35147,21124908,1275498368
600760,10-Dec-20,41.58474,43.80429,41.35147,43.04087,18489986,1117519248
600760,11-Dec-20,43.06208,43.26,40.99804,41.79679,12294437,727999840
600760,14-Dec-20,41.64835,45.80471,41.64835,44.77975,23668393,1490003216
600760,15-Dec-20,45.23215,46.90034,44.28495,45.68454,22533439,1460838960
600760,16-Dec-20,45.23922,46.17934,44.26374,45.13319,17609017,1122375424
600760,17-Dec-20,44.60304,45.0625,43.24586,44.80803,14152015,887277248
600760,18-Dec-20,44.62424,45.16853,43.57809,43.91739,13843175,869522624
600760,21-Dec-20,44.9494,47.62135,44.17892,47.50117,24696175,1617757888
600760,22-Dec-20,47.27498,48.51199,46.44088,46.44088,19592274,1316382624
600760,23-Dec-20,46.93569,51.08497,46.08745,51.08497,31329273,2176910288
600760,24-Dec-20,52.16647,55.84923,51.07084,51.67874,40392181,3055425408
600760,25-Dec-20,52.30784,53.24797,50.1307,52.73196,23332505,1712935184
600760,28-Dec-20,52.66127,54.78186,50.75275,51.77769,29328416,2163628096
600760,29-Dec-20,51.52322,52.30784,49.76314,50.75275,19168691,1386238800
600760,30-Dec-20,50.42052,53.8276,50.39931,52.09578,22879951,1685146864
600760,31-Dec-20,51.88373,55.75733,51.5303,55.26253,25738292,1956650976
600760,4-Jan-21,57.46795,60.7902,56.54902,60.7902,31054031,2603661808
600760,5-Jan-21,61.49706,66.30373,60.7902,63.25008,36072376,3217672416
600760,6-Jan-21,62.40184,67.61849,62.04134,65.5898,28894621,2668129696
600760,7-Jan-21,64.48709,70.7923,63.97108,68.21226,31230421,2977565216
600760,8-Jan-21,68.00019,69.83804,64.33865,67.47005,27811482,2621213808
600760,11-Jan-21,69.20187,69.59064,61.49706,62.3665,36374545,3357092352
600760,12-Jan-21,62.84717,66.11287,62.84717,65.77358,27720618,2535582912
600760,13-Jan-21,66.35321,68.07795,63.03802,64.28916,31128534,2879020928
600760,14-Jan-21,62.91079,62.91079,57.86378,57.96981,40520744,3380046912
600760,15-Jan-21,57.96981,59.3694,55.7644,59.09372,28304966,2319659744
600760,18-Jan-21,59.09372,61.34155,58.32325,60.36608,26750228,2277732800
600760,19-Jan-21,59.29165,60.47211,56.81763,57.66586,26954815,2225004544
600760,20-Jan-21,57.25588,59.97023,56.76108,59.24216,21682706,1798007552
600760,21-Jan-21,59.17855,60.3166,57.89206,59.54612,28011866,2343208544
600760,22-Jan-21,59.09372,61.46171,58.15359,61.45465,33124378,2804715424
600760,25-Jan-21,62.91079,67.37816,62.82596,64.08418,38823947,3566097616
600760,26-Jan-21,62.82596,63.45507,57.67293,57.67293,33831207,2840004304
600760,27-Jan-21,56.61971,58.30204,55.69372,56.96606,19013031,1530008432
600760,28-Jan-21,55.6301,57.47501,54.68997,55.36149,19374684,1536292432
600760,29-Jan-21,55.77147,56.39351,52.96523,54.32947,19985173,1546696848
600760,1-Feb-21,54.42843,55.94819,54.4143,55.20598,12191957,952641344
600760,2-Feb-21,55.84216,57.22054,54.64049,56.70453,15764105,1250891008
600760,3-Feb-21,56.76108,56.76108,53.05005,53.30452,18918773,1458969152
600760,4-Feb-21,52.70369,54.075,52.11699,52.87334,14471584,1084992976
600760,5-Feb-21,53.72157,54.34361,51.5303,51.62218,12221923,913770048
600760,8-Feb-21,52.19474,53.29745,50.90825,53.02178,12439044,924056384
600760,9-Feb-21,53.62968,58.32325,52.84506,58.31618,25331951,2020249952
600760,10-Feb-21,58.10411,58.10411,55.20598,57.12865,21771343,1737668704
600760,18-Feb-21,57.26295,57.83551,55.83509,56.76108,14855673,1190889488
600760,19-Feb-21,56.90245,58.66961,56.61971,57.65879,15098988,1227968784
600760,22-Feb-21,57.68,57.77896,52.85213,53.08539,21953778,1707483536
600760,23-Feb-21,51.63633,55.96939,51.35358,55.22718,20522517,1584624320
600760,24-Feb-21,55.79268,57.2064,54.92323,56.54195,19490169,1549185600
600760,25-Feb-21,56.54902,61.35569,55.8775,59.94196,27631844,2304190080
600760,26-Feb-21,58.36566,60.50745,55.84216,57.32657,23186885,1898046032
600760,1-Mar-21,57.71534,58.3091,55.75733,58.3091,14926732,1207391552
600760,2-Mar-21,58.56358,59.52491,56.7116,59.40475,19570732,1613318240
600760,3-Mar-21,58.10411,59.15028,57.60931,58.66961,11741999,970465552
600760,4-Mar-21,58.16774,60.47211,56.72573,57.1852,17627557,1465838960
600760,5-Mar-21,55.65837,55.68665,51.47374,51.92614,24636426,1850560352
600760,8-Mar-21,51.93321,52.23716,46.7307,46.7307,28037279,1921330768
600760,9-Mar-21,45.94608,46.37019,42.48952,43.66291,21803985,1363529696
600760,10-Mar-21,44.53235,45.02716,42.97019,43.3943,14753616,910940336
600760,11-Mar-21,43.44378,45.01302,42.80054,44.5889,13964953,872969648
600760,12-Mar-21,44.56063,44.56063,42.85002,43.91031,11149174,687257232
600760,15-Mar-21,43.86083,44.69493,42.63089,43.27414,11758992,726735856
600760,16-Mar-21,43.11863,43.74773,42.05833,42.73692,9330865,565522944
600760,17-Mar-21,42.94191,43.60636,42.55314,43.04794,8121502,495751216
600760,18-Mar-21,42.7652,44.35564,42.6733,43.66998,10891920,672081808
600760,19-Mar-21,42.97019,46.65294,42.70864,44.88578,21914372,1390924416
600760,22-Mar-21,44.39098,44.8363,43.31655,44.5677,12735856,794945232
600760,23-Mar-21,44.35564,45.43007,44.07289,45.22508,11362944,722009184
600760,24-Mar-21,44.85751,45.66333,42.1785,42.75106,15979905,979409744
600760,25-Mar-21,42.41177,43.45792,42.0654,42.69451,8658524,524181712
600760,26-Mar-21,42.69451,44.22134,42.63796,44.01634,10651748,659351840
600760,29-Mar-21,44.75148,45.76229,44.29909,44.46873,12333982,785147552
600760,30-Mar-21,47.19722,48.9149,46.15814,48.9149,30227654,2067119952
600760,31-Mar-21,48.56147,48.84422,45.6492,45.88247,27391696,1813264752
600760,1-Apr-21,46.32072,47.07706,45.61385,46.99224,13183089,865576496
600760,2-Apr-21,46.4833,47.50117,45.80471,46.71656,13360799,879020560
600760,6-Apr-21,46.75897,47.77685,46.75897,47.3386,12251066,819081424
600760,7-Apr-21,46.865,46.93569,45.79057,46.13693,10992133,717193968
600760,8-Apr-21,45.85419,46.76604,45.30283,46.34192,8934303,583216864
600760,9-Apr-21,46.64587,47.46584,45.69161,45.76229,12342852,813877280
600760,12-Apr-21,45.16146,45.65626,43.02673,43.34482,15844291,989425312
600760,13-Apr-21,43.11156,44.0941,42.94191,43.80429,8010120,494092560
600760,14-Apr-21,43.33068,44.32736,43.33068,44.31322,6884341,428915376
600760,15-Apr-21,44.05169,44.53235,43.69825,44.40512,5641661,351992256
600760,16-Apr-21,44.42632,44.80803,43.98807,44.39805,5785965,362749168
600760,19-Apr-21,44.41219,45.59265,43.68412,45.57144,11902689,757238208
600760,20-Apr-21,45.10491,46.22882,44.73027,45.3099,11294739,726604400
600760,21-Apr-21,44.8363,45.00595,43.88204,44.41219,9331047,585997680
600760,22-Apr-21,44.53235,45.13319,44.10824,44.24961,8220721,517882944
600760,23-Apr-21,44.06582,44.68786,43.91031,44.37684,7054229,442441200
600760,26-Apr-21,44.48287,46.1652,44.46873,44.79389,13695148,879817456
600760,27-Apr-21,44.50408,44.50408,43.04087,43.60636,9266172,572366400
600760,28-Apr-21,43.20345,44.03048,43.19638,43.88911,6265593,386935088
600760,29-Apr-21,43.98807,44.41925,43.47206,43.59929,7522713,466647168
600760,30-Apr-21,41.74025,42.34815,39.24502,40.81425,28218116,1609375232
600760,6-May-21,40.36893,43.74773,40.1286,43.11863,19060690,1140479024
600760,7-May-21,43.04794,44.12944,42.62382,43.31655,10503278,645015824
600760,10-May-21,43.28828,43.42258,42.12902,43.32362,9172873,553986864
600760,11-May-21,43.12569,47.65668,42.91364,47.64962,31088930,2039124320
600760,12-May-21,46.79431,47.20429,45.64213,46.39847,16369532,1072910048
600760,13-May-21,45.84005,48.31407,45.66333,46.08038,18650567,1237857568
600760,14-May-21,46.27124,49.81262,45.3099,49.19765,26156435,1788689040
600760,17-May-21,49.55108,50.59724,48.78767,49.32488,22404304,1569697136
600760,18-May-21,48.9149,52.39973,48.46251,51.60098,23540288,1706039488
600760,19-May-21,50.9648,52.44215,50.66792,51.16272,15908083,1157588336
600760,20-May-21,51.35358,52.92988,50.75275,50.90825,15340201,1121896544
600760,21-May-21,51.3041,51.45961,49.01386,49.52987,14880531,1044718864
600760,24-May-21,49.67831,50.84464,49.35316,50.34983,9702529,689026976
600760,25-May-21,50.31449,54.35775,49.57228,53.57313,22915832,1707586720
600760,26-May-21,53.50951,55.1353,52.94402,53.62261,17073708,1304244512
600760,27-May-21,53.51658,54.49911,53.01471,53.32573,11424933,865241536
600760,28-May-21,52.94402,54.06793,52.20888,53.55192,10938129,824743632
600760,31-May-21,53.5802,55.72906,53.05005,54.97978,15729360,1214211200
600760,1-Jun-21,54.50619,55.65131,53.32573,53.38227,13640858,1047152464
600760,2-Jun-21,53.36814,54.15982,51.48788,51.63633,14846667,1104607408
600760,3-Jun-21,51.54443,52.30784,50.73861,50.88705,12763856,927603040
600760,4-Jun-21,50.75275,53.7145,50.64672,52.94402,18766161,1400921344
600760,7-Jun-21,53.63674,54.85255,52.96523,53.72157,14138916,1077237488
600760,8-Jun-21,53.05712,54.99392,53.05712,54.81721,15815998,1215153680
600760,9-Jun-21,55.85629,57.22054,54.46378,56.04715,22741927,1795521408
600760,10-Jun-21,56.05422,57.16399,55.37563,56.27334,14981032,1195414432
600760,11-Jun-21,56.28041,56.28748,53.15608,53.40348,17357605,1331241024
600760,15-Jun-21,52.91574,54.36481,52.34319,53.46003,10272975,777947952
600760,16-Jun-21,53.44589,54.53446,51.04256,53.13487,12669346,947046352
600760,17-Jun-21,53.15608,53.77812,52.34319,53.72157,8415417,632946544
600760,18-Jun-21,53.72157,56.53489,53.31866,55.46045,15247216,1191657584
600760,21-Jun-21,55.75733,60.08333,55.65131,60.01265,22634019,1850391904
600760,22-Jun-21,60.11868,60.15402,57.62345,58.80391,18028198,1498585680
600760,23-Jun-21,58.44341,59.843,58.04757,59.6168,13924390,1164968240
600760,24-Jun-21,60.36421,61.53537,58.35935,58.6968,18030169,1083727760
600760,25-Jun-21,57.16834,59.18313,55.45131,59.18313,22190443,1284160400
600760,28-Jun-21,59.66946,60.28481,58.23032,59.19305,18446193,1098712016
600760,29-Jun-21,58.59755,59.99699,58.59755,58.64718,15649408,933888032
600760,30-Jun-21,58.2601,59.84811,57.11872,59.84811,19405946,1145501712
600760,1-Jul-21,60.93987,61.89267,55.54063,55.75899,32207223,1876664688
600760,2-Jul-21,54.68708,54.71685,50.4193,51.77903,36890648,1935687712
600760,5-Jul-21,51.29271,52.32492,50.78653,50.95526,16359629,847111056
600760,6-Jul-21,50.96518,52.39439,49.9826,52.23559,18452587,953835984
600760,7-Jul-21,51.61031,57.45617,51.41181,57.45617,44885002,2534415280
600760,8-Jul-21,57.76385,63.20278,57.45617,63.20278,48587694,3029648848
600760,9-Jul-21,64.51289,66.23985,62.42863,64.43349,73113859,4751387904
600760,12-Jul-21,64.58236,66.89491,63.10353,65.73367,46445176,3053861312
600760,13-Jul-21,65.19772,67.54996,64.86026,66.59715,33376619,2224436528
600760,14-Jul-21,66.26962,67.27206,63.27225,63.52038,41486151,2693999344
600760,15-Jul-21,64.35408,65.40614,62.379,64.01663,26793681,1716322384
600760,16-Jul-21,63.50053,68.41344,62.59735,66.6964,55075161,3686615328
600760,19-Jul-21,66.4979,66.94453,63.42113,64.53274,37640896,2449423472
600760,20-Jul-21,63.42113,65.86269,62.92488,64.89004,29359662,1903417424
600760,21-Jul-21,64.45334,68.36381,64.11588,66.75595,35248531,2366951760
600760,22-Jul-21,66.22993,70.46793,65.30689,69.37617,37771391,2584576688
600760,23-Jul-21,69.35632,76.10535,67.85764,73.21716,51729651,3708774992
600760,26-Jul-21,73.44544,78.28887,70.46793,70.46793,68521321,5171491840
600760,27-Jul-21,70.03122,73.92184,67.95689,68.03629,58864307,4199252736
600760,28-Jul-21,66.89491,67.00408,62.52788,64.51289,44268546,2874769984
600760,29-Jul-21,66.4979,70.51756,65.5451,69.63422,46129068,3165764224
600760,30-Jul-21,69.39602,70.75575,66.22,67.32168,34398100,2368273200
600760,2-Aug-21,68.40351,72.90948,66.617,71.51006,38455689,2730423424
600760,3-Aug-21,71.4505,74.46772,69.9022,71.66885,39558515,2877184992
600760,4-Aug-21,70.96418,75.53963,70.67635,74.53719,35495055,2635246000
600760,5-Aug-21,74.68607,77.41547,73.44544,74.59675,49554741,3780353392
600760,6-Aug-21,73.77297,74.83495,70.96418,74.0608,39860400,2925159296
600760,9-Aug-21,74.0608,76.67109,73.02859,74.0608,27988411,2104140288
600760,10-Aug-21,72.99882,77.99112,72.99882,76.21453,44225405,3406033488
600760,11-Aug-21,75.43045,76.66116,73.87222,74.83495,30458977,2295532352
600760,12-Aug-21,74.40817,74.92427,71.14283,71.4505,28951487,2110824928
600760,13-Aug-21,71.0138,73.9814,69.97167,71.8475,28733913,2089323584
600760,16-Aug-21,71.80781,73.04844,70.46793,71.36118,18416416,1334068352
600760,17-Aug-21,71.46043,72.87971,70.05107,70.46793,22364104,1613408496
600760,18-Aug-21,70.76568,76.00611,69.87242,74.43795,41675200,3102472656
600760,19-Aug-21,73.9417,76.42296,72.46286,74.86472,29089399,2195188592
600760,20-Aug-21,73.62409,75.67858,72.25444,72.47279,26015449,1922941376
600760,23-Aug-21,73.74319,79.71808,72.67129,79.0928,54497294,4288339568
600760,24-Aug-21,76.42296,79.89673,73.37597,79.40047,50830845,3917553280
600760,25-Aug-21,78.40797,80.59148,75.89693,78.30872,25761241,2023819744
600760,26-Aug-21,77.81247,79.71808,76.40311,76.94899,21956152,1726340576
600760,27-Aug-21,76.43288,77.09786,74.71585,75.82746,20465809,1560063952
600760,30-Aug-21,77.31622,83.0529,77.31622,80.05553,37223322,2999586304
600760,31-Aug-21,83.86675,85.11732,79.00347,81.43512,41134926,3403832960
600760,1-Sep-21,82.75514,83.35065,74.44788,79.20198,36715036,2905622080
600760,2-Sep-21,77.62389,80.50216,77.61396,79.41041,16619265,1330073680
600760,3-Sep-21,79.2913,80.09523,73.47521,74.35854,32282824,2461077344
600760,6-Sep-21,73.34619,74.9342,71.2917,74.23945,23353051,1726346752
600760,7-Sep-21,74.14019,76.33364,73.45537,74.53719,17571289,1327036336
600760,8-Sep-21,74.6166,75.20217,72.25444,72.65144,20188600,1487827168
600760,9-Sep-21,72.33383,76.90929,71.7681,76.28401,26328075,1968324640
600760,10-Sep-21,76.28401,76.28401,73.84245,74.36847,21037667,1585844048
600760,13-Sep-21,74.36847,75.42052,71.83758,72.75069,15411506,1135592224
600760,14-Sep-21,73.32634,74.696,71.85744,72.35368,18137672,1333577488
600760,15-Sep-21,72.03609,73.67372,69.49526,72.74076,20459725,1474331280
600760,16-Sep-21,72.25444,73.23701,70.46793,70.70612,13232044,955529120
600760,17-Sep-21,70.8153,71.71848,66.4979,69.18759,20177009,1401100016
600760,22-Sep-21,68.19508,72.75069,67.58965,70.855,16826056,1201933600
600760,23-Sep-21,70.87486,74.23945,70.87486,73.74319,23403384,1724586800
600760,24-Sep-21,73.40574,74.17989,72.56211,72.91942,11707366,863588800
600760,27-Sep-21,72.35368,73.39581,68.26456,70.19003,17397237,1233507184
600760,28-Sep-21,70.11062,71.0138,69.64414,69.71362,11741402,831928208
600760,29-Sep-21,69.05856,69.64414,65.80315,65.81306,17005361,1150081712
600760,30-Sep-21,66.48798,68.16531,66.42842,67.82786,11576534,789395184
600760,8-Oct-21,68.38366,68.66156,65.53517,66.1009,10736201,722563376
600760,11-Oct-21,66.54753,69.6243,66.24977,67.20258,13995279,958331360
600760,12-Oct-21,66.99416,66.99416,63.92731,64.83049,13585142,894008160
600760,13-Oct-21,60.54287,63.94716,59.59998,63.69903,26589158,1658078464
600760,14-Oct-21,62.87228,67.99822,62.69347,66.70681,21855706,1462036608
600760,15-Oct-21,66.69688,67.20351,66.04124,66.6174,10828825,727048576
600760,18-Oct-21,66.66708,69.1009,66.65714,68.59427,11966628,821316352
600760,19-Oct-21,68.634,68.82275,66.82601,67.41212,10823837,735161376
600760,20-Oct-21,67.41212,68.90222,67.24325,68.81281,11812259,812135824
600760,21-Oct-21,68.09757,69.0413,67.23331,68.1075,8636747,589715648
600760,22-Oct-21,68.0479,68.70354,67.27305,68.39558,7383626,505987408
600760,25-Oct-21,68.87242,70.38239,68.0479,70.05457,13601131,950311168
600760,26-Oct-21,70.0049,70.73007,69.50819,70.32278,10132617,715375648
600760,27-Oct-21,71.5248,72.5182,70.07443,71.495,15989658,1147316544
600760,28-Oct-21,70.54134,73.71027,70.53139,72.20031,16537223,1201961888
600760,29-Oct-21,72.5182,75.26991,70.75988,75.0017,25761410,1917787376
600760,1-Nov-21,76.53153,78.06137,74.38579,75.0017,27956531,2146927552
600760,2-Nov-21,75.4984,79.59121,75.20038,77.9521,30317329,2366764528
600760,3-Nov-21,76.98849,77.18717,73.9785,76.61101,20048627,1525964512
600760,4-Nov-21,76.09444,78.35939,75.59774,77.55473,16279836,1262691888
600760,5-Nov-21,76.99844,78.03157,75.07124,75.10104,12048667,927466912
600760,8-Nov-21,74.26659,76.07457,73.5116,75.84608,8785314,664425760
600760,9-Nov-21,75.44872,78.4786,75.13084,77.38586,17861045,1389028896
600760,10-Nov-21,77.32625,78.87596,75.4984,76.47193,15713305,1217964016
600760,11-Nov-21,75.4984,77.28652,74.78315,76.93883,12745523,979351472
600760,12-Nov-21,76.93883,79.35279,76.70041,78.9455,21994106,1738862720
600760,15-Nov-21,78.87596,79.67068,75.4984,75.77655,22091176,1716390256
600760,16-Nov-21,74.98183,76.90903,71.65394,72.18044,26707522,1987733360
600760,17-Nov-21,72.18044,73.89902,70.72015,72.89569,17880998,1304754480
600760,18-Nov-21,72.55794,74.95203,71.32612,73.75995,16903765,1247241376
600760,19-Nov-21,73.5116,73.98843,72.73675,72.97516,12140485,894705696
600760,22-Nov-21,72.9553,73.27319,71.5248,72.68707,17934377,1307461184
600760,23-Nov-21,72.71687,72.71687,70.53139,71.38572,15338864,1106795440
600760,24-Nov-21,71.42546,72.0215,69.538,69.9453,14589499,1034051248
600760,25-Nov-21,69.93536,70.52146,68.89229,69.22011,11811788,826837504
600760,26-Nov-21,69.22011,70.40226,68.69361,69.49826,11273807,790866080
600760,29-Nov-21,68.5446,71.97182,67.87902,71.82282,21252849,1517564912
600760,30-Nov-21,71.72347,73.9785,71.62414,72.49834,18070031,1328230240
600760,1-Dec-21,72.5182,73.20364,71.72347,72.36919,10531059,766922096
600760,2-Dec-21,72.36919,72.88576,71.78308,71.83275,8568935,623385968
600760,3-Dec-21,72.5182,75.14077,72.5182,74.40566,20888007,1562245152
600760,6-Dec-21,74.25665,74.89243,73.17384,74.0083,13538128,1011400512
600760,7-Dec-21,73.96856,74.70367,70.15391,71.07777,16353194,1183501216
600760,8-Dec-21,71.47513,72.31952,71.0579,72.07117,10013737,722985376
600760,9-Dec-21,71.6142,72.10098,70.53139,70.9685,12390128,884866768
600760,10-Dec-21,70.97842,71.41553,70.23338,70.591,11706102,831956160
600760,13-Dec-21,70.19365,70.82942,69.42873,70.40226,11204480,789987760
600760,14-Dec-21,69.9751,71.80295,69.83602,70.68041,13919259,994695776
600760,15-Dec-21,70.63074,71.01817,69.57774,69.63734,9461333,666924640
600760,16-Dec-21,69.63734,70.76981,69.63734,70.6208,8593769,607765744
600760,17-Dec-21,70.08437,70.77975,68.39558,68.44526,12617332,879398416
600760,20-Dec-21,67.76974,68.82275,65.52466,65.95182,15504725,1038281552
600760,21-Dec-21,65.94189,67.63067,65.5942,67.45186,8877300,595817008
600760,22-Dec-21,67.45186,68.0777,67.0545,67.22337,6383358,433446400
600760,23-Dec-21,67.22337,68.0479,66.35912,66.94522,7577062,512293184
600760,24-Dec-21,66.94522,67.39225,65.76308,66.35912,7193920,481252304
600760,27-Dec-21,66.33925,66.83595,65.36572,65.58427,6373009,422499472
600760,28-Dec-21,65.61407,66.528,64.69021,66.528,7569005,500155712
600760,29-Dec-21,66.57766,67.4618,66.26971,66.9651,11554560,778105744
600760,30-Dec-21,66.74654,69.02143,66.57766,68.12737,14956780,1027250416
600760,31-Dec-21,68.68367,68.72341,67.0545,67.59093,12091028,821716320
600760,4-Jan-22,66.75648,68.5446,66.67701,66.91542,11430260,774897072
600760,5-Jan-22,67.00482,67.37238,62.89215,63.50806,16230693,1052876160
600760,6-Jan-22,63.27958,63.52793,61.40205,62.53453,14563437,913944272
600760,7-Jan-22,62.6736,63.81601,61.39212,61.70007,10725782,675607152
600760,10-Jan-22,61.49146,62.88222,61.49146,62.76301,8965256,562169888
600760,11-Jan-22,62.98156,63.01136,61.0941,61.45173,9252702,575290736
600760,12-Jan-22,61.49146,62.85242,61.45173,62.78288,8833648,553579648
600760,13-Jan-22,62.78288,62.95176,61.49146,61.55106,6592754,411124288
600760,14-Jan-22,61.19344,61.73981,59.54439,59.604,13703962,832862192
600760,17-Jan-22,59.71327,61.25304,59.30598,61.1239,10416969,633310208
600760,18-Jan-22,60.76627,61.81928,60.55766,61.40205,7431560,458617808
600760,19-Jan-22,61.40205,61.40205,57.6172,58.56093,15008249,891019472
600760,20-Jan-22,58.6106,58.80928,55.73967,56.39532,24649802,1410150448
600760,21-Jan-22,52.35218,53.59393,50.7528,52.72967,43624493,2282349168
600760,24-Jan-22,52.69987,54.31911,51.85548,53.44492,17953169,958601200
600760,25-Jan-22,53.94162,54.89528,52.79921,52.81908,15416984,835744512
600760,26-Jan-22,52.79921,53.6138,51.25944,52.43165,12567944,663452064
600760,27-Jan-22,52.41178,52.93829,50.77267,50.91175,9416950,490299104
600760,28-Jan-22,51.25944,52.1535,50.56406,51.25944,9740978,504264704
600760,7-Feb-22,52.35218,52.55086,51.1899,51.40845,7772915,403995008
600760,8-Feb-22,51.75614,51.75614,49.99782,51.75614,9010273,462258096
600760,9-Feb-22,51.55746,52.94822,51.17997,52.68,13015967,684843200
600760,10-Feb-22,52.68994,53.6436,52.2131,52.74954,11803413,628137264
600760,11-Feb-22,52.55086,53.00782,51.29918,51.54752,8578406,450701840
600760,14-Feb-22,52.1535,53.6436,51.83561,52.79921,14391457,765243008
600760,15-Feb-22,52.77934,54.28931,52.60053,53.85221,16176629,874236640
600760,16-Feb-22,53.39525,53.39525,51.95482,52.31244,16913555,892698368
600760,17-Feb-22,52.1535,54.12043,51.93495,53.60386,16153541,863590720
600760,18-Feb-22,53.1469,53.15683,52.05416,52.5906,13012730,686835184
600760,21-Feb-22,52.6502,53.44492,52.17337,52.53099,10692102,566910016
600760,22-Feb-22,53.36545,53.59393,51.11043,51.92502,14983014,785604704
600760,23-Feb-22,51.83561,54.04096,51.40845,53.98135,24780216,1326434480
600760,24-Feb-22,53.74294,57.46819,53.08729,56.17677,44056404,2446662048
600760,25-Feb-22,54.637,56.07743,53.44492,55.33238,24702078,1365843248
600760,28-Feb-22,56.02776,56.57413,55.17344,55.67014,20035907,1129332496
600760,1-Mar-22,56.1867,58.49139,55.59066,57.647,28159256,1621981904
600760,2-Mar-22,57.71654,57.97482,56.42512,56.743,17770212,1017272656
600760,3-Mar-22,56.80261,56.86222,54.80587,54.86548,15774874,877511040
600760,4-Mar-22,54.83568,55.22311,53.50452,53.97142,12967915,707530560
600760,7-Mar-22,54.46812,54.75621,53.16677,53.21644,12664482,685692944
600760,8-Mar-22,52.79921,53.44492,50.59386,50.71307,14509285,757222848
600760,9-Mar-22,50.91175,51.31904,47.13683,51.05082,21994669,1090295248
600760,10-Mar-22,51.58726,53.94162,51.58726,53.02769,18748074,998246016
600760,11-Mar-22,52.45152,54.59726,51.81574,54.53766,15451391,830407808
600760,14-Mar-22,53.6436,56.61386,53.45485,55.96815,23752258,1335018144
600760,15-Mar-22,55.38205,57.1205,54.637,54.64693,22613919,1276993648
600760,16-Mar-22,55.46152,56.77281,53.74294,56.37545,19662400,1100395184
600760,17-Mar-22,56.86222,57.38872,55.56086,55.82908,20968454,1185929376
600760,18-Mar-22,55.43172,55.53106,53.95155,54.80587,12079197,666498752
600760,21-Mar-22,54.6668,56.42512,54.6668,55.6304,9899922,554263600
600760,22-Mar-22,55.52113,56.42512,54.71647,55.48139,10373784,578886000
600760,23-Mar-22,55.14363,59.38545,55.01449,58.36225,25985180,1511923952
600760,24-Mar-22,57.6172,59.90202,57.41852,58.71987,18501229,1099011024
600760,25-Mar-22,58.7298,62.12724,58.36225,59.40532,19073858,1160011072
600760,28-Mar-22,58.52119,59.96162,58.19337,58.47152,8654241,512832400
600760,29-Mar-22,60.58747,60.99476,57.36885,57.47812,20334610,1207438976
600760,30-Mar-22,57.41852,57.78608,55.87875,56.97149,18148347,1036919712
600760,31-Mar-22,56.6536,56.80261,55.28271,55.91849,10727352,603675200
600760,1-Apr-22,55.58073,56.35558,55.29264,56.11716,8740878,492318384
600760,6-Apr-22,55.89862,55.92842,52.37205,52.99789,16955931,912000032
600760,7-Apr-22,52.89855,55.31251,52.6502,53.80254,14059983,768749920
600760,8-Apr-22,53.59393,54.23964,52.50119,53.02769,9311055,499978832
600760,11-Apr-22,52.7396,52.96809,50.65347,50.97136,12618917,651908496
600760,12-Apr-22,50.96142,51.06076,49.18323,50.82234,12012697,604695136
600760,13-Apr-22,50.46472,50.85214,49.77927,50.1369,6726905,341019152
600760,14-Apr-22,49.96802,51.78594,49.67993,51.44818,9197295,471338704
600760,15-Apr-22,50.86208,52.63033,50.33558,51.97469,11237210,584777136
600760,18-Apr-22,51.45812,53.56413,51.33891,53.26611,12903188,686655680
600760,19-Apr-22,52.94822,53.81247,52.76941,53.6436,8251994,443257648
600760,20-Apr-22,53.52439,53.83234,52.46145,53.43499,9050422,485008688
600760,21-Apr-22,52.94822,54.20984,51.36871,51.44818,8080304,427708080
600760,22-Apr-22,51.28924,51.55746,50.26604,50.36538,7036457,359556976
600760,25-Apr-22,49.91835,49.91835,46.66,46.6898,11424069,552259744
600760,26-Apr-22,46.98782,47.52425,42.7162,43.23277,13784526,618473776
600760,27-Apr-22,42.7162,47.09709,42.37844,46.66993,17148632,778021216
600760,28-Apr-22,45.99442,48.77594,45.97455,47.05736,10720587,511048080
600760,29-Apr-22,47.39511,49.83887,46.98782,49.57066,11914249,582559424
600760,5-May-22,50.06736,53.83234,49.70974,52.25284,20332892,1070291568
600760,6-May-22,50.79254,53.74294,50.76274,52.45152,14100878,742864560
600760,9-May-22,52.86875,54.82574,52.45152,54.73634,17168648,931392352
600760,10-May-22,53.89195,55.81915,53.44492,55.21317,16989462,937073184
600760,11-May-22,55.53106,56.1271,53.75287,54.25951,19298177,1067637440
600760,12-May-22,53.72307,55.56086,53.72307,55.34231,12595624,694752096
600760,13-May-22,55.34231,55.57079,54.44825,54.73634,6774629,373427568
600760,16-May-22,55.64033,55.94829,54.01115,54.10056,7202829,397042448
600760,17-May-22,54.10056,55.08403,53.56413,54.61713,6812783,373654032
600760,18-May-22,54.83568,55.21317,53.97142,54.33898,7107478,390266448
600760,19-May-22,53.65353,54.73634,53.1767,54.38865,11211109,607668208
600760,20-May-22,54.38865,55.51119,54.18997,54.96482,8626371,475898688
600760,23-May-22,54.637,55.11383,53.43499,54.93502,10393919,566026336
600760,24-May-22,54.93502,56.49466,52.09389,52.09389,20380404,1111991088
600760,25-May-22,51.92502,53.69327,51.66673,53.04756,10969140,584608352
600760,26-May-22,52.98,55.41,52.98,54.18,15616162,850227072
600760,27-May-22,54.73,55.26,53.9,54.11,11349548,619662976
600760,30-May-22,54.2,55.2,53.9,55.06,8584606,469119040
600760,31-May-22,55.06,56.1,54.7,55.87,11264182,625972704
600760,1-Jun-22,55.6,58.12,55.31,57,16568477,947263424
600760,2-Jun-22,56.8,57.79,56.17,57.23,9623843,548813488
600760,6-Jun-22,57.24,58.07,56.24,57.92,11602438,665151856
600760,7-Jun-22,57.6,59.26,57.6,58.56,13172752,770505808
600760,8-Jun-22,58.2,58.48,55.78,56.95,17716517,1007837376
600760,9-Jun-22,56.95,57.24,55.55,55.91,11306204,636015168
600760,10-Jun-22,56.07,58.5,56.05,58.42,17251518,998936928
600760,13-Jun-22,58.75,59.55,57.09,59.16,17956610,1051571728
600760,14-Jun-22,57.8,58.45,56.35,57.42,12735421,728449120
600760,15-Jun-22,57.48,58.41,57.18,57.42,10445431,604424880
600760,16-Jun-22,57.42,58.31,56.6,57.02,8189634,470540192
600760,17-Jun-22,56.77,57.29,55.87,56.93,11413804,644927504
600760,20-Jun-22,57.3,58.5,56.63,57.68,11150871,644532000
600760,21-Jun-22,58,58,56.06,56.42,9213469,522570480
600760,22-Jun-22,56.42,56.88,55.32,55.37,7680174,430371136
600760,23-Jun-22,55.17,59.1,55.03,58.98,23316576,1345169184
600760,24-Jun-22,59.2,60.98,59.2,59.48,21821245,1310354032
600760,27-Jun-22,60,60,58.58,59,14137440,836040336
600760,28-Jun-22,59.03,61.22,59.03,60.75,22992878,1392913584
600760,29-Jun-22,60.28,61.2,59.36,59.38,12038731,724631824
600760,30-Jun-22,59.51,61.1,58.84,60.45,13500993,813610288
600760,1-Jul-22,60.45,62.8,60.45,61.68,16802987,1037446624
600760,4-Jul-22,61.97,63.98,61,63.41,19038410,1202712448
600760,5-Jul-22,63.01,63.38,60.68,62,16719169,1032752976
600760,6-Jul-22,61.37,62.3,60.36,61.48,13413943,823207552
600760,7-Jul-22,61.15,62.66,61.15,61.77,13015150,806376224
600760,8-Jul-22,61.5,62.47,60.51,61.36,9725239,596832000
600760,11-Jul-22,61.25,61.25,59.5,60.38,10428936,626718624
600760,12-Jul-22,60.37,62.34,59.9,59.92,11889323,724765216
600760,13-Jul-22,59.38,59.81,58.18,58.5,11685855,686473328
600760,14-Jul-22,58.73,60.21,58.51,59.51,9250365,550901584
600760,15-Jul-22,59.34,60.25,58.36,58.47,9233715,545397920
600760,18-Jul-22,58.35,58.65,56.43,57.49,14494205,827476464
600760,19-Jul-22,57.62,58.08,56.81,57.82,10401663,597385984
600760,20-Jul-22,57.89,59.89,57.89,59.87,18685541,1103252480
600760,21-Jul-22,59.75,59.75,57.54,57.56,17261539,1003878032
600760,22-Jul-22,57.77,58.26,56.57,57.41,9040168,517218336
600760,25-Jul-22,58.5,59.1,57.42,57.7,10029750,583073920
600760,26-Jul-22,57.95,59.17,57.28,58.88,12928964,758226016
600760,27-Jul-22,58.6,62.12,58.6,61.06,25000413,1522749056
600760,28-Jul-22,61.06,62,60.28,61.85,15339452,938778272
600760,29-Jul-22,61.27,61.6,60.19,61.16,12705931,773438208
600760,1-Aug-22,61.5,62.05,59.85,60.58,12303278,745701808
600760,2-Aug-22,61.99,62.5,60.1,61.04,27554272,1691655984
600760,3-Aug-22,60,65.3,59.8,64.5,40919643,2610511168
600760,4-Aug-22,64.61,65.12,62.51,63.4,21790461,1390268304
600760,5-Aug-22,63.05,64.6,61.58,63,18414088,1158517728
600760,8-Aug-22,62.66,64.99,62.62,64.47,16196546,1042256624
600760,9-Aug-22,63.99,67.79,63.83,67.02,25260583,1665569936
600760,10-Aug-22,66.91,69.25,66.66,67.6,21292215,1451333536
600760,11-Aug-22,67.08,68.29,66,67.87,12402991,838178880
600760,12-Aug-22,67.01,68.7,66.07,66.1,12945607,867244112
600760,15-Aug-22,66,66.79,65.65,66.17,8098872,535547840
600760,16-Aug-22,66.3,67.02,65.76,66.16,6621152,438636048
600760,17-Aug-22,65.98,66.2,64.41,65.04,9829371,638729088
600760,18-Aug-22,65.04,65.7,63.85,65.19,8265268,535132656
600760,19-Aug-22,64.95,65.77,63.51,63.55,7739190,497894240
600760,22-Aug-22,63.11,65.05,62.5,64.78,7314742,470128544
600760,23-Aug-22,64.55,64.8,62.62,63.71,9218041,585330848
600760,24-Aug-22,63.64,63.64,61.06,61.32,9200099,569316560
600760,25-Aug-22,61.39,61.87,60.53,61.49,7624836,466626544
600760,26-Aug-22,61.61,62.25,60.21,60.66,8667671,530047776
600760,29-Aug-22,60,61.79,59.38,61.63,9149848,559290320
600760,30-Aug-22,61,61.1,59.38,59.63,10235834,612729200
600760,31-Aug-22,59.92,60.13,58.18,58.76,9131617,538120608
600760,1-Sep-22,58.76,59.58,57.9,58.58,10240615,599726640
600760,2-Sep-22,58.18,59.3,57.6,58.64,7929956,463432304
600760,5-Sep-22,58.5,59.3,57.67,58.11,5673299,331524800
600760,6-Sep-22,58.7,63.92,58.7,62.52,28199501,1754513296
600760,7-Sep-22,62.1,65.11,61.89,64.31,19493407,1240904624
600760,8-Sep-22,64.16,65.99,64.16,65.24,15204314,994711024
600760,9-Sep-22,64.99,66.98,64.58,65.7,14740235,970644688
600760,13-Sep-22,66,68.1,65.49,67.63,16656451,1116693376
600760,14-Sep-22,67.24,68.08,66.55,67.32,10442083,703223552
600760,15-Sep-22,67.39,67.57,64.82,65.53,10073898,662001632
600760,16-Sep-22,65.4,67.28,65.21,65.62,13680939,907866816
600760,19-Sep-22,65.67,67.18,65.15,65.53,7925814,521231328
600760,20-Sep-22,65.8,66.8,65.03,65.51,7158562,470746560
600760,21-Sep-22,65.36,66.1,63.3,65.79,10285832,667157152
600760,22-Sep-22,65.98,67.16,65,66.31,9506292,632128912
600760,23-Sep-22,66.11,70.7,65.33,66.36,23050545,1556000336
600760,26-Sep-22,65.9,66.64,64,64.2,12712544,829543408
600760,27-Sep-22,64.2,66.1,63.99,64.92,8114648,527857808
600760,28-Sep-22,64.79,66.48,62.9,63.33,8942724,574995184
600760,29-Sep-22,64.19,65.64,63.07,63.71,8839100,568158768
600760,30-Sep-22,63.72,63.9,60.94,60.95,9519925,586715248
600760,10-Oct-22,61,62.25,60.5,60.97,7647039,469232800
600760,11-Oct-22,60.97,61.69,60,60.72,6512415,395171568
600760,12-Oct-22,60.42,61.99,58.91,61.9,7184620,434059936
600760,13-Oct-22,61.2,63.36,61.06,61.74,7425614,461080944
600760,14-Oct-22,62.3,65.9,61.34,64.97,12484467,797448512
600760,17-Oct-22,64.68,69.45,64.43,69.42,19700229,1340051328
600760,18-Oct-22,69.43,70,67.33,69.34,13418405,928013264
600760,19-Oct-22,69.33,69.43,67.98,68.13,6845146,469355696
600760,20-Oct-22,67.82,68.72,66.85,67.4,5556231,376425600
600760,21-Oct-22,67.41,69.69,66.8,67.8,8712508,592462384
600760,24-Oct-22,69.19,72.83,69.19,71.91,24025222,1717459536
600760,25-Oct-22,71.8,73.01,70.93,71.74,10736723,774397184
600760,26-Oct-22,71.7,72.98,70.87,72.02,8034570,576839696
600760,27-Oct-22,72.15,72.15,69.99,71.3,7774337,551604176
600760,28-Oct-22,70.35,72.58,70.03,70.69,6983602,498025056
600760,31-Oct-22,70.69,73,65.98,72.46,18866160,1316522016
600760,1-Nov-22,72.1,72.61,68.08,68.77,17516070,1218774512
600760,2-Nov-22,68.63,68.7,65.94,67.63,25106326,1679404256
600760,3-Nov-22,66.84,69.63,66.8,68.37,14657152,999808896
600760,4-Nov-22,68.38,68.8,67.51,68.65,9368156,639645296
600760,7-Nov-22,68.89,68.98,66,66.32,16327987,1092283584
600760,8-Nov-22,66.3,67.44,66,67.26,9925067,663998224
600760,9-Nov-22,68.3,68.62,66.45,66.53,11083685,749079568
600760,10-Nov-22,65.93,66.3,65,65.31,8761447,573954000
600760,11-Nov-22,66.5,66.8,65,66.31,12315485,811099824
600760,14-Nov-22,66.31,66.9,65,65.74,9024235,595668896
600760,15-Nov-22,65.21,66.3,65.2,66.17,9665869,636842928
600760,16-Nov-22,66.18,68.36,66.18,67.1,17205965,1158864864
600760,17-Nov-22,66.33,66.76,64.1,65.85,12998499,845071744
600760,18-Nov-22,65.39,65.98,64.16,64.29,8355473,540474672
600760,21-Nov-22,64.27,64.7,63.6,64.45,9051580,581174240
600760,22-Nov-22,64.44,66.94,64.2,65.59,15609265,1024487616
600760,23-Nov-22,65.7,66.55,64.61,66.16,9830121,645627328
600760,24-Nov-22,66.1,66.5,65.11,65.38,6663808,438182576
600760,25-Nov-22,65.48,65.58,64,64.13,6644036,430175728
600760,28-Nov-22,63.11,65.16,63,64.68,6073352,389618224
600760,29-Nov-22,65.7,67.07,64.51,64.71,12213958,801543072
600760,30-Nov-22,65.28,65.5,62.16,62.23,22380778,1409042048
600760,1-Dec-22,62.02,62.79,61.37,62.72,14448753,897166528
600760,2-Dec-22,62.36,62.39,61.66,61.88,9551057,592252800
600760,5-Dec-22,62.16,62.35,60.3,60.86,19272428,1179693856
600760,6-Dec-22,60.45,61.35,59.46,61.35,17071336,1031046416
600760,7-Dec-22,61,62.2,60.83,62.2,14988299,925869648
600760,8-Dec-22,62.29,62.36,60.58,60.72,12168407,746199728
600760,9-Dec-22,60.72,61.08,59.46,59.64,14207337,850120288
600760,12-Dec-22,59.44,60.49,58.6,60.02,11345876,675229040
600760,13-Dec-22,60,60.01,59.01,59.18,6653293,395203728
600760,14-Dec-22,59.11,60.15,59,59.65,6071439,362794688
600760,15-Dec-22,59.38,60.09,59.38,59.72,4846545,289423024
600760,16-Dec-22,59.59,59.7,58.3,58.63,6500460,382156032
600760,19-Dec-22,58.51,58.94,57.55,57.74,6777202,393642704
600760,20-Dec-22,57.71,58.67,57.7,58.53,7562617,440897200
600760,21-Dec-22,58.49,59.27,58.02,58.37,6038577,354519792
600760,22-Dec-22,58.15,59.2,57.1,58.4,6778508,393626768
600760,23-Dec-22,58.02,58.3,56.1,56.45,8195404,467335056
600760,26-Dec-22,56.5,59.22,56.5,59.18,14165332,824420416
600760,27-Dec-22,59.1,59.63,58.53,58.98,6258755,368994640
600760,28-Dec-22,58.99,58.99,57.24,57.6,7899776,458028560
600760,29-Dec-22,57.7,59.5,57.3,58.48,9961254,583341104
600760,30-Dec-22,58.47,59.26,58,58.63,6556715,384817744
600760,3-Jan-23,58.41,60.6,58.32,60.43,13545769,811266976
600760,4-Jan-23,60.36,60.38,59.22,59.75,7151213,427271392
600760,5-Jan-23,59.76,60.29,59.55,60.18,7794901,467346848
600760,6-Jan-23,59.86,60.2,59.77,60.03,6336497,379926080
600760,9-Jan-23,60.04,60.41,58.16,58.48,12150775,715386080
600760,10-Jan-23,58.55,58.89,57.38,57.68,11801763,680782688
600760,11-Jan-23,57.51,58.5,57.27,57.65,7168498,414274768
600760,12-Jan-23,58.6,58.9,57.36,57.53,8921236,516405552
600760,13-Jan-23,57.66,57.88,57.22,57.73,5721587,329353552
600760,16-Jan-23,57.75,58.67,57.55,58.4,10509019,612020272
600760,17-Jan-23,58.6,59.1,57.98,58.85,9000515,528641616
600760,18-Jan-23,58.85,59.09,58.61,58.85,4925860,289962704
600760,19-Jan-23,58.3,59.65,58.3,59.54,7186293,425080160
600760,20-Jan-23,59.54,59.96,59.28,59.57,6244611,371972544
600760,30-Jan-23,60.38,61.9,59.85,61.24,21581542,1315909664
600760,31-Jan-23,60.78,61.31,60.7,61.06,8892607,542655920
600760,1-Feb-23,61.13,61.3,60.35,61.3,9983120,608360688
600760,2-Feb-23,61.59,61.78,59.82,59.99,16717960,1012234960
600760,3-Feb-23,60,60.54,59.21,60.47,11518702,689317088
600760,6-Feb-23,60.1,60.94,59.77,59.91,7552587,455151456
600760,7-Feb-23,60,60.34,59,59.38,9170419,545288928
600760,8-Feb-23,59.4,59.45,58.49,58.49,7971213,468627776
600760,9-Feb-23,58.42,59.28,58.28,59.13,7996215,471734224
600760,10-Feb-23,58.99,59.1,58,58.26,10956625,639373232
600760,13-Feb-23,58.26,58.86,58.07,58.4,10911929,637213760
600760,14-Feb-23,58.3,58.33,57.6,58.02,10485673,606620272
600760,15-Feb-23,58.03,58.5,57.68,58.44,8241656,479130480
600760,16-Feb-23,58.23,58.63,57.03,57.54,12548197,727627776
600760,17-Feb-23,57.48,57.63,56.5,56.79,11361571,646374272
600760,20-Feb-23,56.67,57.26,56.51,57.14,6531218,372001168
600760,21-Feb-23,57.16,58.17,57.16,57.93,9335298,539815008
600760,22-Feb-23,57.58,58.17,57.5,57.73,5892134,340456416
600760,23-Feb-23,57.83,57.85,57,57.2,6276809,360568480
600760,24-Feb-23,57.48,59.23,57.48,58.44,21747254,1274856000
600760,27-Feb-23,58.6,58.78,57.48,57.79,12248116,710606128
600760,28-Feb-23,57.77,58,57.38,57.82,6064763,350029392
600760,1-Mar-23,57.7,57.98,57.64,57.94,6748516,390164656
600760,2-Mar-23,57.94,58.4,57.44,57.71,8499254,491711072
600760,3-Mar-23,57.71,59.04,57.46,59.03,22680634,1330368896
600760,6-Mar-23,60,60.16,58.38,59.26,23835109,1412341008
600760,7-Mar-23,59,59.16,58.11,58.25,12599922,739149744
600760,8-Mar-23,57.98,58.9,57.69,58.78,9318074,544472208
600760,9-Mar-23,58.66,58.78,56.79,57,19348883,1109646192
600760,10-Mar-23,56.7,57.17,56.6,56.66,7464055,423895888
600760,13-Mar-23,56.58,56.98,56.25,56.86,5719091,323710256
600760,14-Mar-23,56.75,56.79,54.6,55.57,10826231,603891360
600760,15-Mar-23,55.87,55.87,54.89,55.06,8279866,457627392
600760,16-Mar-23,54.7,55,53.16,53.5,10505214,566272272
600760,17-Mar-23,53.74,54.11,53.13,53.67,6405419,343828992
600760,20-Mar-23,53.89,54.49,53.55,53.93,5932103,320712240
600760,21-Mar-23,54.78,56.9,54.61,55.56,15085164,843950272
600760,22-Mar-23,55.5,55.5,54.5,54.85,8621960,472923376
600760,23-Mar-23,54.6,55.2,54.26,55.19,7339906,401287568
600760,24-Mar-23,55,55.19,54.73,54.82,5349860,293741216
600760,27-Mar-23,54.88,54.9,53.88,54.03,6609035,357397216
600760,28-Mar-23,54.17,54.46,53.35,53.54,6173202,331981152
600760,29-Mar-23,53.57,53.59,53.01,53.42,5579047,297095088
600760,30-Mar-23,53.45,53.69,53.11,53.68,5064453,270454064
600760,31-Mar-23,53.73,54,53.48,53.84,5054681,271881824
600760,3-Apr-23,53.84,54.6,53.69,54.37,7611228,412553088
600760,4-Apr-23,54.34,54.55,53.4,53.88,7606871,409924288
600760,6-Apr-23,53.73,54.27,53.39,54.2,7241056,390871520
600760,7-Apr-23,54.24,54.6,54.17,54.38,6035026,328446320
600760,10-Apr-23,55.2,55.62,54.61,54.81,9257402,510620240
600760,11-Apr-23,54.81,55.11,54.51,54.75,4227743,231492699
600760,12-Apr-23,54.76,55,54.5,54.78,4065882,222494757
600760,13-Apr-23,54.82,55.22,54,54.99,6462381,353540800
600760,14-Apr-23,55,55.1,54.4,54.85,4429737,242360939
600760,17-Apr-23,54.76,55.6,54.4,55.57,7941953,437867488
600760,18-Apr-23,55.6,57.36,55.33,56.55,16112549,908667520
600760,19-Apr-23,56.48,56.74,55.85,56.21,8076478,453718864
600760,20-Apr-23,56.06,56.2,55.4,55.82,5985703,333536752
600760,21-Apr-23,55.59,57.5,55.55,56.61,14727178,838858976
600760,24-Apr-23,56.3,57.5,55.25,56.95,10298836,583087680
600760,25-Apr-23,57.48,57.89,56.69,56.89,12003174,687773504
600760,26-Apr-23,56.67,57.41,56.11,57.25,10529578,598886272
600760,27-Apr-23,57.26,57.7,56.71,57.45,8446732,484053472
600760,28-Apr-23,57.16,57.71,57.13,57.51,8177223,469622560
600760,4-May-23,57.33,57.85,56.6,56.61,8414134,479691376
600760,5-May-23,56.56,56.95,55.65,56.01,7606055,426646080
600760,8-May-23,56.01,58.73,55.98,58.62,21318242,1237009344
600760,9-May-23,58.95,61.62,58.85,59.16,31168385,1876444240
600760,10-May-23,59.14,59.14,56.66,57.32,16960342,974281088
600760,11-May-23,57.05,57.86,56.81,57.49,6699054,384791408
600760,12-May-23,57.41,57.46,56.35,57.15,8407287,477741888
600760,15-May-23,57.01,59.95,56.82,59.79,20233130,1193411168
600760,16-May-23,59.65,60.23,59,59.79,11516595,688432304
600760,17-May-23,59.75,61.65,59.13,60.72,18315518,1110510656
600760,18-May-23,60.71,60.72,59.75,59.84,8494652,510342688
600760,19-May-23,59.59,60.67,59.24,59.61,8677333,519726656
600760,22-May-23,59.61,60.24,58.8,59.43,6939840,412604544
600760,23-May-23,59.5,59.55,58,58.06,8824270,515330032
600760,24-May-23,57.7,58.96,57.3,58,7491539,435556640
600760,25-May-23,57.83,59.69,57.66,58.91,11145346,657016224
600760,26-May-23,58.9,59.11,58.35,58.94,4710888,276777888
600760,29-May-23,59.89,60,58.3,58.92,7829098,461373168
600760,30-May-23,58.53,59.33,57.48,58.13,8668310,504612400
600760,31-May-23,58.28,59.2,57.89,58.93,7835755,461094096
600760,1-Jun-23,58.94,59.5,58.3,59.25,7819223,462037808
600760,2-Jun-23,58.9,59.28,58.38,58.47,6593603,386884048
600760,5-Jun-23,58.48,58.63,57.17,57.29,8584088,495893136
600760,6-Jun-23,57.4,57.69,56,56.22,7566241,430066672
600760,7-Jun-23,56.1,56.41,54.75,55.4,9265974,512799296
600760,8-Jun-23,55.41,56.13,55.15,55.8,5415650,301708464
600760,9-Jun-23,55.78,55.91,54.77,55.47,6880725,379238064
600760,12-Jun-23,55.12,56.37,55.12,55.6,7760454,432972864
600760,13-Jun-23,55.6,55.88,55.2,55.28,4161188,230995456
