Code,Date,Open,High,Low,Close,Volume,Quote Volume,Weight Average
600760,2-Jan-20,120.2338,121.7806,118.9889,119.9697,8138775,"259,471,132.00",976406395.1
600760,3-Jan-20,120.2715,124.2705,119.3661,123.5915,16751728,"543,653,168.00",2070371191
600760,6-Jan-20,126.1191,129.024,124.3837,125.0628,17125229,"572,508,496.00",2141729089
600760,7-Jan-20,124.5723,126.5718,122.9878,125.1382,8738074,"290,171,120.00",1093466852
600760,8-Jan-20,128.345,128.9109,124.2328,126.4587,15494704,"521,662,368.00",1959440125
600760,9-Jan-20,122.9878,123.3651,121.1393,122.2333,10090357,"327,110,464.00",1233377634
600760,10-Jan-20,121.856,122.9124,118.8379,120.6111,12117895,"387,043,568.00",1461552646
600760,13-Jan-20,121.856,121.856,119.2907,120.4224,5772752,"183,675,848.00",695168650.4
600760,14-Jan-20,120.4224,121.2524,118.0834,118.3098,8325283,"263,459,006.00",984962566.7
600760,15-Jan-20,118.2343,118.5361,115.5557,116.1971,9487001,"293,110,784.00",1102362004
600760,16-Jan-20,116.4989,118.1211,115.1408,115.3671,9030288,"278,726,480.00",1041798139
600760,17-Jan-20,115.4426,116.4989,114.4617,115.8576,6717747,"206,071,177.00",778302044.8
600760,20-Jan-20,115.7821,118.0834,115.4426,117.2912,7497165,"232,202,943.00",879351479.4
600760,21-Jan-20,117.3289,117.3289,112.7263,113.3299,12703562,"384,503,584.00",1439693411
600760,22-Jan-20,113.179,113.4808,110.6513,112.8017,7141440,"212,040,410.00",805566572.4
600760,23-Jan-20,111.2927,113.9335,108.6518,109.4064,9004640,"264,443,576.00",985165245.7
600760,3-Feb-20,98.46572,99.25797,98.46572,98.46572,10939545,"285,728,368.00",1077170175
600760,4-Feb-20,94.31583,100.5784,94.31583,100.0502,14098231,"369,324,944.00",1410530831
600760,5-Feb-20,100.0125,104.5774,99.82387,100.8802,13573861,"366,785,648.00",1369333812
600760,6-Feb-20,101.2952,103.4456,100.0125,102.842,11456514,"310,263,648.00",1178210813
600760,7-Feb-20,102.8043,103.5588,101.4084,103.3701,11485942,"311,504,272.00",1187302973
600760,10-Feb-20,102.9929,104.9169,102.427,104.8792,11328253,"310,718,592.00",1188098112
600760,11-Feb-20,105.2565,105.4451,103.1815,103.257,10676772,"293,870,944.00",1102451446
600760,12-Feb-20,103.257,103.2947,101.8611,103.0683,12243611,"332,914,464.00",1261928172
600760,13-Feb-20,103.5588,104.1247,101.182,101.4838,13996248,"380,130,112.00",1420392433
600760,14-Feb-20,101.3707,102.3893,100.767,101.6347,10093229,"271,730,672.00",1025822301
600760,17-Feb-20,102.6156,111.5945,102.6156,111.1795,28683395,"817,908,784.00",3189005514
600760,18-Feb-20,112.4245,112.9904,107.52,108.7273,26491341,"770,383,648.00",2880331980
600760,19-Feb-20,107.3314,110.84,106.011,108.1237,20227318,"582,278,176.00",2187052463
600760,20-Feb-20,108.3123,109.3309,106.3883,108.9536,16245758,"464,599,072.00",1770033819
600760,21-Feb-20,109.0668,110.7268,108.2746,110.5759,20823412,"604,601,840.00",2302567523
600760,24-Feb-20,110.5381,113.1035,109.0291,112.4999,20727483,"609,387,536.00",2331839765
600760,25-Feb-20,110.1609,111.1418,106.426,109.4441,18589784,"538,665,072.00",2034542179
600760,26-Feb-20,107.8973,112.9526,106.841,110.2363,23905708,"701,877,872.00",2635276799
600760,27-Feb-20,110.5381,112.4245,107.6332,109.6327,16371601,"477,290,176.00",1794862821
600760,28-Feb-20,106.5769,108.1991,102.8043,104.8792,20215747,"565,080,160.00",2120211373
600760,2-Mar-20,105.181,108.4632,104.0115,107.3691,13945611,"394,652,704.00",1497327702
600760,3-Mar-20,108.4632,112.1227,107.8596,109.1423,19912497,"581,440,064.00",2173295721
600760,4-Mar-20,108.3123,111.255,107.935,110.1986,12463744,"362,906,704.00",1373487140
600760,5-Mar-20,111.0286,111.5945,109.4064,110.3118,14171188,"414,011,696.00",1563249256
600760,6-Mar-20,108.7273,110.4627,108.7273,109.1045,9858413,"286,112,640.00",1075597221
600760,9-Mar-20,107.5955,108.1237,103.4079,104.0869,16268351,"454,572,080.00",1693322224
600760,10-Mar-20,102.8043,106.5014,102.1252,106.5014,11040815,"305,920,464.00",1175862255
600760,11-Mar-20,110.7645,117.1403,110.2741,117.1403,58284407,"1,785,804,656.00",6827452921
600760,12-Mar-20,114.3108,119.9697,112.764,115.933,44005953,"1,357,005,808.00",5101742149
600760,13-Mar-20,113.179,118.7625,110.5381,115.9707,30843033,"944,903,360.00",3576888127
600760,16-Mar-20,116.5366,118.7625,111.4436,112.0095,24454036,"748,593,936.00",2739084345
600760,17-Mar-20,113.179,115.2539,104.5397,107.1805,22498691,"647,109,728.00",2411420951
600760,18-Mar-20,108.2368,108.8027,102.5024,102.5024,21939097,"617,506,096.00",2248810096
600760,19-Mar-20,102.427,104.0492,100.352,103.3701,14458500,"392,975,552.00",1494576591
600760,20-Mar-20,104.5019,104.6528,101.7856,102.9552,12528029,"342,240,512.00",1289825731
600760,23-Mar-20,99.97478,102.427,99.8616,100.352,10107089,"271,381,728.00",1014266595
600760,24-Mar-20,102.3138,103.6342,98.99389,103.5965,13242978,"357,124,864.00",1371926170
600760,25-Mar-20,104.5019,104.8037,103.1061,104.6906,10429080,"287,735,760.00",1091826643
600760,26-Mar-20,103.7851,105.2942,103.1815,103.9738,7016310,"193,493,125.00",729512412.7
600760,27-Mar-20,104.9169,107.1428,104.2378,105.5583,9722822,"272,089,200.00",1026324562
600760,30-Mar-20,104.5019,111.2927,104.1247,109.2177,16843469,"481,257,584.00",1839604944
600760,31-Mar-20,109.1045,109.9723,107.1805,108.0105,10737081,"308,490,304.00",1159717487
600760,1-Apr-20,107.52,108.1237,104.9547,105.1433,9359364,"263,838,009.00",984074416.9
600760,2-Apr-20,104.5397,106.7655,104.5397,106.6523,5804052,"163,197,081.00",619015495.1
600760,3-Apr-20,106.3883,108.8405,106.1242,106.9164,6742608,"192,078,370.00",720895374
600760,7-Apr-20,108.5764,113.5563,108.0859,113.4808,19590216,"576,570,080.00",2223113384
600760,8-Apr-20,111.9717,116.5744,111.6699,115.4426,18800339,"570,509,248.00",2170360015
600760,9-Apr-20,116.1594,117.9702,114.7258,116.9516,17178815,"531,033,120.00",2009089900
600760,10-Apr-20,116.9516,119.4416,116.1971,118.272,18538589,"578,288,880.00",2192595998
600760,13-Apr-20,117.3289,120.1584,115.4048,118.008,12565264,"391,920,176.00",1482801674
600760,14-Apr-20,118.272,119.3284,116.9516,118.8379,11499730,"360,316,704.00",1366603764
600760,15-Apr-20,119.5547,120.1584,116.1971,118.0457,11258795,"353,677,104.00",1329052337
600760,16-Apr-20,117.0648,129.2881,116.9516,125.0628,31038716,"1,022,175,584.00",3881788731
600760,17-Apr-20,123.8933,124.6855,117.0271,117.3289,25746403,"822,631,536.00",3020797143
600760,20-Apr-20,117.4043,118.8757,116.0085,118.1211,13727419,"428,102,352.00",1621497832
600760,21-Apr-20,117.1403,120.6111,117.0648,118.3852,13236357,"415,851,104.00",1566988771
600760,22-Apr-20,117.7062,119.4038,115.7067,118.3852,8245692,"257,371,870.00",976167896.6
600760,23-Apr-20,117.8193,121.2902,116.9516,118.8002,13415555,"424,633,328.00",1593770617
600760,24-Apr-20,118.8379,119.7056,116.0462,118.1211,11638268,"363,031,744.00",1374725018
600760,27-Apr-20,119.9697,122.6106,118.1589,119.6679,22657282,"722,743,600.00",2711349357
600760,28-Apr-20,119.7811,125.44,117.0648,124.3083,25455022,"826,438,944.00",3164270511
600760,29-Apr-20,123.1765,126.7605,122.9124,125.9305,16413693,"544,720,480.00",2066984566
600760,30-Apr-20,125.2514,128.7222,124.5723,126.3455,16819732,"567,491,392.00",2125097449
600760,6-May-20,126.2323,132.2685,126.2323,131.2876,18758664,"646,096,624.00",2462779976
600760,7-May-20,130.9481,131.3254,128.3827,129.7786,10974529,"378,451,056.00",1424259009
600760,8-May-20,130.2313,131.8535,129.024,129.5899,11898220,"411,315,088.00",1541889140
600760,11-May-20,130.6463,134.268,130.1936,131.6649,12898988,"452,147,344.00",1698343965
600760,12-May-20,131.929,133.0985,129.5145,131.099,9889977,"343,393,696.00",1296566095
600760,13-May-20,130.0804,132.4194,129.7031,132.0044,7935847,"276,529,488.00",1047566722
600760,14-May-20,131.8535,133.3626,130.0427,132.4949,9261989,"323,483,568.00",1227166306
600760,15-May-20,132.0422,132.4194,129.3259,130.7217,10391270,"359,986,640.00",1358364480
600760,18-May-20,130.7217,136.3052,130.3445,134.3057,16535889,"590,630,976.00",2220864147
600760,19-May-20,134.3057,135.6262,132.9853,135.4753,9713855,"345,723,712.00",1315987420
600760,20-May-20,134.9093,136.0412,127.1377,128.7977,20577919,"712,125,824.00",2650388638
600760,21-May-20,128.9863,130.5331,127.7036,128.345,12403253,"424,086,848.00",1591895506
600760,22-May-20,127.8923,129.2127,123.4783,123.7046,11966954,"399,354,896.00",1480367258
600760,25-May-20,124.1951,126.3832,123.3274,124.3837,8490796,"281,308,080.00",1056116622
600760,26-May-20,125.1382,125.591,123.7424,125.1382,7411775,"245,110,733.00",927496182.3
600760,27-May-20,124.5346,126.0437,123.9687,124.6478,7418077,"245,483,178.00",924646978.3
600760,28-May-20,124.7987,125.4778,122.3842,125.4778,9462999,"311,435,552.00",1187396296
600760,29-May-20,125.4778,126.7605,124.346,126.7605,8024650,"267,149,583.00",1017208646
600760,1-Jun-20,125.6287,128.8354,124.6101,128.3073,11725004,"395,822,400.00",1504403606
600760,2-Jun-20,127.8545,129.9295,126.7605,127.0246,7478605,"253,901,793.00",949966808.7
600760,3-Jun-20,127.0623,127.8545,124.761,125.6664,8314608,"278,369,952.00",1044866855
600760,4-Jun-20,126.006,126.27,122.9878,123.2142,9816228,"323,289,072.00",1209498680
600760,5-Jun-20,123.2142,123.931,121.9315,122.8369,4810723,"156,534,255.00",590934300.1
600760,8-Jun-20,123.4028,126.1191,121.1015,124.3837,11378745,"373,264,704.00",1415330404
600760,9-Jun-20,124.4969,124.8364,121.4788,123.5915,8684534,"283,424,208.00",1073334584
600760,10-Jun-20,123.3274,124.1951,121.4788,123.1387,7998145,"259,976,246.00",984881177.7
600760,11-Jun-20,123.1765,123.7046,121.4788,122.3088,7007788,"228,137,892.00",857114140.9
600760,12-Jun-20,121.0638,123.1765,120.1961,123.1765,7937771,"256,925,286.00",977746849.6
600760,15-Jun-20,122.9501,122.9501,120.2715,120.2715,7563911,"243,532,246.00",909722921.8
600760,16-Jun-20,120.762,122.8369,120.762,122.2333,8024944,"259,387,513.00",980915387.4
600760,17-Jun-20,124.3083,127.3641,122.9878,126.0437,17568658,"584,951,024.00",2214418658
600760,18-Jun-20,124.5346,124.6855,120.6865,121.7806,14407207,"465,470,144.00",1754518313
600760,19-Jun-20,121.4716,121.9265,120.8273,121.8507,8142118,"260,707,181.00",992122777.8
600760,22-Jun-20,121.8128,122.6087,121.2822,122.495,8271998,"266,346,736.00",1013278395
600760,23-Jun-20,122.3434,123.9731,121.2822,123.9352,8718955,"282,134,192.00",1080585432
600760,24-Jun-20,123.9352,123.9352,121.8507,122.2297,7041307,"227,804,480.00",860656842.2
600760,29-Jun-20,121.6611,124.8827,120.941,123.6699,9307129,"302,709,152.00",1151011713
600760,30-Jun-20,123.8973,124.8827,123.1014,124.39,8477488,"277,698,480.00",1054514732
600760,1-Jul-20,125.0722,128.1043,123.9352,128.1043,15726575,"522,264,576.00",2014641882
600760,2-Jul-20,128.2938,128.2938,126.7398,127.3084,12988644,"436,400,720.00",1653563486
600760,3-Jul-20,128.0285,135.8739,127.5358,133.4862,25846467,"903,664,320.00",3450146663
600760,6-Jul-20,136.0634,146.8272,136.0634,146.8272,28138099,"1,075,764,128.00",4131438289
600760,7-Jul-20,154.2557,161.4948,152.3986,161.4948,25667441,"1,066,718,304.00",4145158251
600760,8-Jul-20,169.5676,177.6404,167.521,177.6404,27090077,"1,247,938,704.00",4812292114
600760,9-Jul-20,195.4159,195.4159,195.4159,195.4159,3021109,"155,768,380.00",590372734.2
600760,10-Jul-20,214.9726,214.9726,214.9726,214.9726,8391490,"475,965,312.00",1803940423
600760,13-Jul-20,208.4537,226.9492,193.9756,221.7189,79636567,"4,369,316,864.00",17656932035
600760,14-Jul-20,216.0338,243.8908,214.1767,223.7656,74467491,"4,464,470,528.00",16663262804
600760,15-Jul-20,226.3049,235.06,207.3167,217.1329,59840479,"3,543,923,232.00",12993336743
600760,16-Jul-20,210.5382,223.7277,196.2497,204.891,53942422,"3,022,328,368.00",11052316786
600760,17-Jul-20,206.5587,225.3953,197.8415,225.3953,55323777,"3,170,242,176.00",12469719314
600760,20-Jul-20,234.2262,247.9462,233.4681,247.9462,17992156,"1,152,175,840.00",4461086710
600760,21-Jul-20,266.8207,272.5058,229.9055,230.5877,75968691,"4,918,441,984.00",17517445730
600760,22-Jul-20,227.3661,244.0424,227.3661,233.9987,59506312,"3,714,663,712.00",13924399650
600760,23-Jul-20,238.6226,257.3835,229.2612,257.3835,67866270,"4,418,942,208.00",17467658105
600760,24-Jul-20,263.9024,282.36,246.3544,249.3864,79536085,"5,624,794,880.00",19835217908
600760,27-Jul-20,242.9812,260.3018,226.0775,249.9549,52474483,"3,346,061,616.00",13116254151
600760,28-Jul-20,244.0803,255.3368,236.9929,241.6168,34487175,"2,227,173,632.00",8332680865
600760,29-Jul-20,238.7742,247.9841,233.9987,245.2173,37441027,"2,385,796,144.00",9181187550
600760,30-Jul-20,244.4214,257.4214,237.0308,248.4389,42506329,"2,757,418,944.00",10560225620
600760,31-Jul-20,246.9229,248.4389,238.5089,242.299,30118600,"1,928,846,352.00",7297706661
600760,3-Aug-20,245.7859,265.0773,240.7451,260.7187,48370324,"3,268,693,936.00",12611047992
600760,4-Aug-20,253.9724,255.4505,241.8063,241.8063,40992077,"2,667,293,680.00",9912142469
600760,5-Aug-20,238.3194,250.8266,235.0221,245.4068,33247891,"2,151,816,688.00",8159258537
600760,6-Aug-20,244.4593,269.9665,244.0045,269.9665,63596725,"4,405,234,176.00",17168985260
600760,7-Aug-20,261.5146,293.6923,252.6459,278.1909,61493100,"4,360,990,208.00",17106820833
600760,10-Aug-20,273.1122,298.2783,263.4097,263.5992,51654670,"3,794,724,848.00",13616129688
600760,11-Aug-20,256.2085,272.1268,251.0919,256.9666,34128969,"2,342,007,552.00",8770005125
600760,12-Aug-20,253.9345,263.4097,241.2757,248.8558,32240299,"2,139,178,496.00",8023185400
600760,13-Aug-20,250.0686,254.6925,244.0045,245.8238,27108390,"1,788,694,224.00",6663887442
600760,14-Aug-20,242.5264,258.5584,240.2903,250.713,30366724,"2,010,358,016.00",7613332474
600760,17-Aug-20,250.1444,261.0598,244.8383,257.8762,29964713,"2,010,054,656.00",7727186323
600760,18-Aug-20,255.2989,267.2755,255.0715,257.9899,26601178,"1,824,536,304.00",6862835252
600760,19-Aug-20,255.4126,256.1706,243.2465,243.815,25551866,"1,679,045,392.00",6229928209
600760,20-Aug-20,242.5643,246.2786,226.267,227.0629,34742919,"2,137,510,656.00",7888827943
600760,21-Aug-20,230.7791,234.0385,225.3972,228.884,22156288,"1,343,558,224.00",5071219823
600760,24-Aug-20,231.0065,234.1902,225.7762,229.7937,13294308,"804,075,024.00",3054948224
600760,25-Aug-20,229.8695,230.7412,218.1203,220.5838,22869956,"1,341,673,904.00",5044741800
600760,26-Aug-20,222.0998,225.473,215.5809,217.3243,14512955,"841,651,664.00",3154017786
600760,27-Aug-20,219.7121,221.6071,216.4147,219.4468,13106465,"757,994,512.00",2876171804
600760,28-Aug-20,220.8472,228.541,218.0047,222.0979,21544462,"1,261,411,712.00",4784979767
600760,31-Aug-20,222.2874,230.2845,217.9289,223.8035,28170981,"1,671,943,184.00",6304764146
600760,1-Sep-20,224.9784,231.8005,222.5148,228.162,29923881,"1,803,831,728.00",6827492537
600760,2-Sep-20,227.783,227.8209,216.4128,217.9289,24485463,"1,426,432,736.00",5336090018
600760,3-Sep-20,215.9959,217.7394,210.6519,215.6548,19219686,"1,082,949,664.00",4144817540
600760,4-Sep-20,212.2438,218.7627,211.7132,217.0192,13589552,"774,247,456.00",2949193703
600760,7-Sep-20,217.0192,217.0192,207.7336,209.0222,13298288,"742,999,056.00",2779637414
600760,8-Sep-20,209.0222,213.0018,206.5966,212.3196,10733237,"594,144,320.00",2278876587
600760,9-Sep-20,208.4916,227.025,207.961,219.6723,26719948,"1,535,708,112.00",5869632433
600760,10-Sep-20,219.0659,219.1417,209.1359,209.3633,15313387,"866,320,528.00",3206061236
600760,11-Sep-20,207.7336,211.0309,199.9639,204.1709,20180317,"1,085,987,808.00",4120233484
600760,14-Sep-20,204.1709,206.5208,200.343,201.3663,13236383,"708,280,080.00",2665361470
600760,15-Sep-20,201.8211,205.0426,200.305,204.3225,11048198,"591,268,080.00",2257395436
600760,16-Sep-20,204.5878,205.4595,200.4946,200.9494,8820142,"470,584,672.00",1772402243
600760,17-Sep-20,201.7453,205.0805,197.652,202.0106,10595304,"562,806,944.00",2140363718
600760,18-Sep-20,203.9056,210.9173,202.7686,210.2729,18519262,"1,019,362,608.00",3894098927
600760,21-Sep-20,215.0484,229.5644,214.8968,221.3399,30253872,"1,781,996,256.00",6696389003
600760,22-Sep-20,216.2612,217.2846,210.4245,211.9406,14736820,"827,940,512.00",3123330473
600760,23-Sep-20,210.614,214.063,206.9377,212.5849,9665260,"536,201,344.00",2054688331
600760,24-Sep-20,209.2496,211.2583,204.0572,204.7015,9423111,"514,433,232.00",1928924956
600760,25-Sep-20,206.1797,208.7569,203.8677,204.2846,8024944,"435,344,512.00",1639372475
600760,28-Sep-20,203.9056,208.3779,202.2759,205.0426,7958902,"431,400,432.00",1631913959
600760,29-Sep-20,208.0747,218.9901,206.8998,217.2088,20430617,"1,159,214,048.00",4437709802
600760,30-Sep-20,217.5499,218.6111,212.7365,217.1329,11234196,"640,709,664.00",2439313557
600760,9-Oct-20,219.8239,220.7335,214.7452,220.7335,14176070,"815,592,016.00",3129133547
600760,12-Oct-20,224.5615,242.5643,221.8326,234.1503,29516175,"1,809,232,624.00",6911221231
600760,13-Oct-20,231.1941,236.5002,229.2991,235.9696,13811273,"847,890,432.00",3259040565
600760,14-Oct-20,239.229,250.9024,237.334,244.2698,27607382,"1,779,336,624.00",6743649680
600760,15-Oct-20,241.5789,248.4389,241.5789,243.1328,16040332,"1,037,457,312.00",3899930832
600760,16-Oct-20,242.5643,245.5964,229.2991,230.2845,17390174,"1,076,375,712.00",4004687525
600760,19-Oct-20,232.8238,233.6577,227.6693,231.3836,11145569,"681,013,328.00",2578901879
600760,20-Oct-20,231.1941,232.3311,224.5236,231.1941,12269374,"740,272,624.00",2836606879
600760,21-Oct-20,230.8909,231.8005,219.6344,221.5294,14020983,"830,250,320.00",3106059951
600760,22-Oct-20,220.9609,221.2641,213.0018,220.0134,9166982,"525,781,168.00",2016858878
600760,23-Oct-20,220.0134,222.439,211.1446,211.9406,8729740,"497,926,864.00",1850186333
600760,26-Oct-20,212.1301,216.2991,209.856,215.9959,7646155,"431,858,464.00",1651538131
600760,27-Oct-20,214.1388,218.2321,212.2817,216.6023,8515869,"483,576,416.00",1844556812
600760,28-Oct-20,217.0192,217.095,210.3487,215.8822,8116602,"457,539,248.00",1752229896
600760,29-Oct-20,212.2438,214.5936,210.5382,214.063,7721999,"433,449,024.00",1652994272
600760,30-Oct-20,218.0426,221.7189,195.1885,196.4392,26223745,"1,428,069,120.00",5151371489
600760,2-Nov-20,195.0748,200.4188,191.3984,199.2438,14479260,"755,985,952.00",2884902784
600760,3-Nov-20,199.2438,205.5733,198.2205,204.2846,11278881,"603,007,552.00",2304101694
600760,4-Nov-20,204.2088,216.5266,201.9727,212.5849,16465765,"909,448,096.00",3500373006
600760,5-Nov-20,208.6432,212.168,203.754,206.8998,11830927,"646,921,920.00",2447816430
600760,6-Nov-20,202.7686,207.1272,195.2643,198.789,14429468,"759,051,856.00",2868419514
600760,9-Nov-20,197.0835,204.6257,195.0748,202.4275,11702798,"619,016,064.00",2368968142
600760,10-Nov-20,201.6316,203.5645,197.8794,198.9027,8157799,"429,624,992.00",1622608247
600760,11-Nov-20,198.2205,201.2526,193.2934,194.0514,9361296,"485,059,392.00",1816572595
600760,12-Nov-20,194.4684,199.1301,193.5966,196.0223,6342212,"328,386,816.00",1243214983
600760,13-Nov-20,196.0223,203.5266,194.2788,199.4712,13031236,"685,355,968.00",2599356282
600760,16-Nov-20,200.0397,209.5907,200.0397,203.5266,16219166,"873,500,560.00",3301031711
600760,17-Nov-20,202.7686,202.7686,190.2614,192.9144,15690918,"800,964,560.00",3027004031
600760,18-Nov-20,193.2934,196.0981,190.5646,195.2263,8956352,"458,419,936.00",1748515462
600760,19-Nov-20,193.2934,214.1388,191.4363,211.3721,28626637,"1,561,386,368.00",6050872379
600760,20-Nov-20,211.3341,219.7481,208.1505,212.5091,24906462,"1,401,177,536.00",5292849824
600760,23-Nov-20,210.3487,216.2991,208.4537,212.1301,15367450,"862,572,272.00",3259898705
600760,24-Nov-20,211.3721,217.1329,206.445,207.7336,14264049,"795,731,520.00",2963122249
600760,25-Nov-20,205.8006,207.203,200.1155,200.305,10574050,"566,184,816.00",2118035085
600760,26-Nov-20,201.6316,206.9756,198.2584,205.27,12910184,"692,977,744.00",2650073470
600760,27-Nov-20,205.4216,225.8122,204.0951,225.7743,40142818,"2,345,954,784.00",9063216634
600760,30-Nov-20,226.646,237.8267,220.6198,230.1708,40618660,"2,477,785,152.00",9349229467
600760,1-Dec-20,230.1708,243.6255,228.162,237.7509,27788437,"1,737,396,736.00",6606725906
600760,2-Dec-20,234.9842,244.2319,233.0891,236.5381,24746237,"1,555,092,480.00",5853427882
600760,3-Dec-20,235.7422,238.5468,233.2786,236.8792,13539213,"842,076,912.00",3207157944
600760,4-Dec-20,233.2407,239.9113,228.0862,237.6372,17765696,"1,098,385,648.00",4221790253
600760,7-Dec-20,236.8034,239.4943,231.3836,237.9404,18404254,"1,147,105,328.00",4379115558
600760,8-Dec-20,235.7801,247.4914,231.611,235.3632,17697262,"1,111,861,552.00",4165284216
600760,9-Dec-20,232.7101,237.6372,220.8851,221.7189,21124908,"1,275,498,368.00",4683791364
600760,10-Dec-20,222.9697,234.8705,221.7189,230.7772,18489986,"1,117,519,248.00",4267067197
600760,11-Dec-20,230.8909,231.9521,219.8239,224.1067,12294437,"727,999,840.00",2755265704
600760,14-Dec-20,223.3107,245.5964,223.3107,240.1008,23668393,"1,490,003,216.00",5682800094
600760,15-Dec-20,242.5264,251.4709,237.4477,244.952,22533439,"1,460,838,960.00",5519610950
600760,16-Dec-20,242.5643,247.6051,237.334,241.9958,17609017,"1,122,375,424.00",4261308156
600760,17-Dec-20,239.1532,241.6168,231.8763,240.2523,14152015,"887,277,248.00",3400054153
600760,18-Dec-20,239.267,242.1853,233.6577,235.4769,13843175,"869,522,624.00",3259747935
600760,21-Dec-20,241.0104,255.3368,236.8792,254.6925,24696175,"1,617,757,888.00",6289930551
600760,22-Dec-20,253.4797,260.1123,249.0074,249.0074,19592274,"1,316,382,624.00",4878621209
600760,23-Dec-20,251.6605,273.9081,247.1124,273.9081,31329273,"2,176,910,288.00",8581341642
600760,24-Dec-20,279.707,299.4532,273.8324,277.0918,40392181,"3,055,425,408.00",11192342139
600760,25-Dec-20,280.465,285.5058,268.7916,282.739,23332505,"1,712,935,184.00",6597009131
600760,28-Dec-20,282.36,293.7302,272.1268,277.6224,29328416,"2,163,628,096.00",8142225238
600760,29-Dec-20,276.258,280.465,266.8207,272.1268,19168691,"1,386,238,800.00",5216314542
600760,30-Dec-20,270.3455,288.6136,270.2318,279.3279,22879951,"1,685,146,864.00",6391008665
600760,31-Dec-20,278.1909,298.9605,276.2959,296.3075,25738292,"1,956,650,976.00",7626448957
600760,4-Jan-21,308.1325,325.9458,303.2054,325.9458,31054031,"2,603,661,808.00",10121930978
600760,5-Jan-21,329.7358,355.5083,325.9458,339.1352,36072376,"3,217,672,416.00",12233412449
600760,6-Jan-21,334.5871,362.5578,332.6542,351.6803,28894621,"2,668,129,696.00",10161668982
600760,7-Jan-21,345.7679,379.5752,343.0011,365.7415,31230421,"2,977,565,216.00",11422261022
600760,8-Jan-21,364.6045,374.4586,344.9719,361.7619,27811482,"2,621,213,808.00",10061134570
600760,11-Jan-21,371.0476,373.1321,329.7358,334.3976,36374545,"3,357,092,352.00",12163560549
600760,12-Jan-21,336.9749,354.485,336.9749,352.6658,27720618,"2,535,582,912.00",9776113923
600760,13-Jan-21,355.7736,365.0214,337.9982,344.7066,31128534,"2,879,020,928.00",10730211118
600760,14-Jan-21,337.316,337.316,310.2549,310.8234,40520744,"3,380,046,912.00",12594795421
600760,15-Jan-21,310.8234,318.3277,298.9984,316.8496,28304966,"2,319,659,744.00",8968417155
600760,18-Jan-21,316.8496,328.902,312.7184,323.6718,26750228,"2,277,732,800.00",8658294447
600760,19-Jan-21,317.9108,324.2403,304.6456,309.1937,26954815,"2,225,004,544.00",8334258983
600760,20-Jan-21,306.9955,321.5493,304.3424,317.6455,21682706,"1,798,007,552.00",6887413989
600760,21-Jan-21,317.3044,323.4064,310.4065,319.2752,28011866,"2,343,208,544.00",8943494120
600760,22-Jan-21,316.8496,329.5463,311.8088,329.5085,33124378,"2,804,715,424.00",10914764108
600760,25-Jan-21,337.316,361.2692,336.8612,343.6075,38823947,"3,566,097,616.00",13340199369
600760,26-Jan-21,336.8612,340.2343,309.2316,309.2316,33831207,"2,840,004,304.00",10461678271
600760,27-Jan-21,303.5844,312.6048,298.6194,305.4415,19013031,"1,530,008,432.00",5807368708
600760,28-Jan-21,298.2783,308.1703,293.2375,296.8381,19374684,"1,536,292,432.00",5751144387
600760,29-Jan-21,299.0363,302.3716,283.9897,291.3046,19985173,"1,546,696,848.00",5821772827
600760,1-Feb-21,291.8352,299.9838,291.7594,296.0042,12191957,"952,641,344.00",3608870478
600760,2-Feb-21,299.4153,306.8059,292.9722,304.0392,15764105,"1,250,891,008.00",4792905873
600760,3-Feb-21,304.3424,304.3424,284.4445,285.809,18918773,"1,458,969,152.00",5407155592
600760,4-Feb-21,282.5874,289.9402,279.4417,283.497,14471584,"1,084,992,976.00",4102650649
600760,5-Feb-21,288.0451,291.3803,276.2959,276.7886,12221923,"913,770,048.00",3382888956
600760,8-Feb-21,279.8586,285.7711,272.9606,284.2929,12439044,"924,056,384.00",3536331892
600760,9-Feb-21,287.5524,312.7184,283.3454,312.6805,25331951,"2,020,249,952.00",7920807105
600760,10-Feb-21,311.5435,311.5435,296.0042,306.3132,21771343,"1,737,668,704.00",6668849743
600760,18-Feb-21,307.0334,310.1033,299.3774,304.3424,14855673,"1,190,889,488.00",4521211174
600760,19-Feb-21,305.1004,314.5756,303.5844,309.1558,15098988,"1,227,968,784.00",4667939714
600760,22-Feb-21,309.2695,309.8001,283.3833,284.634,21953778,"1,707,483,536.00",6248791647
600760,23-Feb-21,276.8644,300.0975,275.3484,296.118,20522517,"1,584,624,320.00",6077086689
600760,24-Feb-21,299.15,306.7301,294.4882,303.1675,19490169,"1,549,185,600.00",5908785810
600760,25-Feb-21,303.2054,328.9778,299.6048,321.3977,27631844,"2,304,190,080.00",8880811108
600760,26-Feb-21,312.9459,324.4297,299.4153,307.3745,23186885,"1,898,046,032.00",7127057183
600760,1-Mar-21,309.459,312.6426,298.9605,312.6426,14926732,"1,207,391,552.00",4666732302
600760,2-Mar-21,314.007,319.1616,304.0771,318.5172,19570732,"1,613,318,240.00",6233614759
600760,3-Mar-21,311.5435,317.1528,308.8905,314.5756,11741999,"970,465,552.00",3693746381
600760,4-Mar-21,311.8846,324.2403,304.1529,306.6165,17627557,"1,465,838,960.00",5404899831
600760,5-Mar-21,298.4299,298.5815,275.9927,278.4183,24636426,"1,850,560,352.00",6859231845
600760,8-Mar-21,278.4562,280.086,250.5613,250.5613,28037279,"1,921,330,768.00",7025057075
600760,9-Mar-21,246.3544,248.6284,227.8209,234.1125,21803985,"1,363,529,696.00",5104585438
600760,10-Mar-21,238.7742,241.4273,230.3982,232.6722,14753616,"910,940,336.00",3432756293
600760,11-Mar-21,232.9375,241.3515,229.4886,239.0774,13964953,"872,969,648.00",3338704654
600760,12-Mar-21,238.9258,238.9258,229.7539,235.439,11149174,"687,257,232.00",2624950377
600760,15-Mar-21,235.1737,239.646,228.579,232.0279,11758992,"726,735,856.00",2728414220
600760,16-Mar-21,231.1941,234.5673,225.509,229.1475,9330865,"565,522,944.00",2138144388
600760,17-Mar-21,230.2466,233.8092,228.162,230.8151,8121502,"495,751,216.00",1874565296
600760,18-Mar-21,229.2991,237.8267,228.8064,234.1503,10891920,"672,081,808.00",2550346336
600760,19-Mar-21,230.3982,250.1444,228.9958,240.6693,21914372,"1,390,924,416.00",5274116569
600760,22-Mar-21,238.0162,240.404,232.2553,238.9637,12735856,"794,945,232.00",3043407272
600760,23-Mar-21,237.8267,243.5876,236.3107,242.4885,11362944,"722,009,184.00",2755383246
600760,24-Mar-21,240.5177,244.8383,226.1533,229.2233,15979905,"979,409,744.00",3662966558
600760,25-Mar-21,227.404,233.0133,225.5469,228.9201,8658524,"524,181,712.00",1982110180
600760,26-Mar-21,228.9201,237.1066,228.6169,236.0075,10651748,"659,351,840.00",2513892416
600760,29-Mar-21,239.9492,245.3689,237.5235,238.4331,12333982,"785,147,552.00",2940829564
600760,30-Mar-21,253.0628,262.2726,247.4914,262.2726,30227654,"2,067,119,952.00",7927885406
600760,31-Mar-21,260.3776,261.8936,244.7625,246.0133,27391696,"1,813,264,752.00",6738721526
600760,1-Apr-21,248.3631,252.4185,244.573,251.9637,13183089,"865,576,496.00",3321659882
600760,2-Apr-21,249.2348,254.6925,245.5964,250.4855,13360799,"879,020,560.00",3346686418
600760,6-Apr-21,250.713,256.1706,250.713,253.8208,12251066,"819,081,424.00",3109575373
600760,7-Apr-21,251.2815,251.6605,245.5206,247.3777,10992133,"717,193,968.00",2719208580
600760,8-Apr-21,245.8617,250.7509,242.9054,248.4768,8934303,"583,216,864.00",2219967020
600760,9-Apr-21,250.1065,254.503,244.9899,245.3689,12342852,"813,877,280.00",3028552018
600760,12-Apr-21,242.1474,244.8004,230.7014,232.4069,15844291,"989,425,312.00",3682322554
600760,13-Apr-21,231.1562,236.4244,230.2466,234.8705,8010120,"494,092,560.00",1881340889
600760,14-Apr-21,232.3311,237.6751,232.3311,237.5993,6884341,"428,915,376.00",1635714603
600760,15-Apr-21,236.197,238.7742,234.302,238.092,5641661,"351,992,256.00",1343234351
600760,16-Apr-21,238.2057,240.2523,235.8559,238.0541,5785965,"362,749,168.00",1377372691
600760,19-Apr-21,238.1299,244.4593,234.2262,244.3456,11902689,"757,238,208.00",2908369685
600760,20-Apr-21,241.8442,247.8704,239.8354,242.9433,11294739,"726,604,400.00",2743981165
600760,21-Apr-21,240.404,241.3136,235.2874,238.1299,9331047,"585,997,680.00",2222001289
600760,22-Apr-21,238.7742,241.9958,236.5002,237.2582,8220721,"517,882,944.00",1950433467
600760,23-Apr-21,236.2728,239.608,235.439,237.9404,7054229,"442,441,200.00",1678486070
600760,26-Apr-21,238.5089,247.5293,238.4331,240.1766,13695148,"879,817,456.00",3289254083
600760,27-Apr-21,238.6226,238.6226,230.7772,233.8092,9266172,"572,366,400.00",2166516262
600760,28-Apr-21,231.6489,236.0833,231.611,235.3253,6265593,"386,935,088.00",1474452552
600760,29-Apr-21,235.8559,238.1678,233.0891,233.7713,7522713,"466,647,168.00",1758594398
600760,30-Apr-21,223.8035,227.0629,210.4245,218.8385,28218116,"1,609,375,232.00",6175210178
600760,6-May-21,216.4507,234.5673,215.1621,231.1941,19060690,"1,140,479,024.00",4406719070
600760,7-May-21,230.8151,236.6139,228.541,232.2553,10503278,"645,015,824.00",2439441983
600760,10-May-21,232.1037,232.8238,225.888,232.2932,9172873,"553,986,864.00",2130796022
600760,11-May-21,231.232,255.5263,230.095,255.4884,31088930,"2,039,124,320.00",7942860983
600760,12-May-21,250.9024,253.1007,244.7246,248.78,16369532,"1,072,910,048.00",4072412171
600760,13-May-21,245.7859,259.0511,244.8383,247.0745,18650567,"1,237,857,568.00",4608079516
600760,14-May-21,248.0978,267.086,242.9433,263.7887,26156435,"1,788,689,040.00",6899771985
600760,17-May-21,265.6837,271.293,261.5904,264.4709,22404304,"1,569,697,136.00",5925286443
600760,18-May-21,262.2726,280.9577,259.847,276.6749,23540288,"1,706,039,488.00",6513006828
600760,19-May-21,273.2638,281.1851,271.672,274.325,15908083,"1,157,588,336.00",4363984869
600760,20-May-21,275.3484,283.8002,272.1268,272.9606,15340201,"1,121,896,544.00",4187270469
600760,21-May-21,275.0831,275.9169,262.8033,265.57,14880531,"1,044,718,864.00",3951822618
600760,24-May-21,266.3659,272.6195,264.6225,269.9665,9702529,"689,026,976.00",2619357795
600760,25-May-21,269.777,291.4562,265.7974,287.2492,22915832,"1,707,586,720.00",6582554409
600760,26-May-21,286.9081,295.6252,283.876,287.5145,17073708,"1,304,244,512.00",4908938619
600760,27-May-21,286.946,292.2142,284.255,285.9227,11424933,"865,241,536.00",3266647691
600760,28-May-21,283.876,289.9022,279.9344,287.1355,10938129,"824,743,632.00",3140725139
600760,31-May-21,287.2871,298.8089,284.4445,294.7914,15729360,"1,214,211,200.00",4636880056
600760,1-Jun-21,292.2521,298.392,285.9227,286.2259,13640858,"1,047,152,464.00",3904366858
600760,2-Jun-21,286.1501,290.395,276.0685,276.8644,14846667,"1,104,607,408.00",4110513551
600760,3-Jun-21,276.3717,280.465,272.051,272.8469,12763856,"927,603,040.00",3482578542
600760,4-Jun-21,272.1268,288.0072,271.5583,283.876,18766161,"1,400,921,344.00",5327262720
600760,7-Jun-21,287.5903,294.1092,283.9897,288.0451,14138916,"1,077,237,488.00",4072645473
600760,8-Jun-21,284.4824,294.8672,284.4824,293.9197,15815998,"1,215,153,680.00",4648633387
600760,9-Jun-21,299.4911,306.8059,292.0247,300.5144,22741927,"1,795,521,408.00",6834276547
600760,10-Jun-21,300.5523,306.5027,296.9138,301.7273,14981032,"1,195,414,432.00",4520186337
600760,11-Jun-21,301.7652,301.803,285.013,286.3396,17357605,"1,331,241,024.00",4970169673
600760,15-Jun-21,283.7244,291.4941,280.6545,286.6428,10272975,"777,947,952.00",2944674318
600760,16-Jun-21,286.567,292.4037,273.6808,284.8994,12669346,"947,046,352.00",3609489074
600760,17-Jun-21,285.013,288.3483,280.6545,288.0451,8415417,"632,946,544.00",2424019631
600760,18-Jun-21,288.0451,303.1296,285.8848,297.3687,15247216,"1,191,657,584.00",4534044801
600760,21-Jun-21,298.9605,322.1557,298.392,321.7767,22634019,"1,850,391,904.00",7283099942
600760,22-Jun-21,322.3452,322.5347,308.9663,315.2957,18028198,"1,498,585,680.00",5684213308
600760,23-Jun-21,313.3628,320.8671,311.2403,319.6543,13924390,"1,164,968,240.00",4450991138
600760,24-Jun-21,323.6617,329.9413,312.912,314.7214,18030169,"1,083,727,760.00",5674480030
600760,25-Jun-21,306.5261,317.329,297.3196,317.329,22190443,"1,284,160,400.00",7041671087
600760,28-Jun-21,319.9366,323.236,312.2202,317.3822,18446193,"1,098,712,016.00",5854493316
600760,29-Jun-21,314.1892,321.6927,314.1892,314.4553,15649408,"933,888,032.00",4921039287
600760,30-Jun-21,312.3799,320.8945,306.26,320.8945,19405946,"1,145,501,712.00",6227261339
600760,1-Jul-21,326.7483,331.8571,297.7986,298.9694,32207223,"1,876,664,688.00",9628974136
600760,2-Jul-21,293.222,293.3817,270.339,277.6296,36890648,"1,935,687,712.00",10241935848
600760,5-Jul-21,275.022,280.5565,272.308,273.2126,16359629,"847,111,056.00",4469656774
600760,6-Jul-21,273.2659,280.929,267.9975,280.0776,18452587,"953,835,984.00",5168156281
600760,7-Jul-21,276.7249,308.0693,275.6606,308.0693,44885002,"2,534,415,280.00",13827691147
600760,8-Jul-21,309.7191,338.8816,308.0693,338.8816,48587694,"3,029,648,848.00",16465475483
600760,9-Jul-21,345.9062,355.1658,334.7307,345.4804,73113859,"4,751,387,904.00",25259405253
600760,12-Jul-21,346.2787,358.6781,338.3495,352.4518,46445176,"3,053,861,312.00",16369685883
600760,13-Jul-21,349.5781,362.1903,347.7687,357.0816,33376619,"2,224,436,528.00",11918176515
600760,14-Jul-21,355.3254,360.7003,339.2541,340.5845,41486151,"2,693,999,344.00",14129539995
600760,15-Jul-21,345.0547,350.6956,334.4647,343.2454,26793681,"1,716,322,384.00",9196807752
600760,16-Jul-21,340.4781,366.8202,335.6354,357.6137,55075161,"3,686,615,328.00",19695632103
600760,19-Jul-21,356.5494,358.9442,340.0524,346.0126,37640896,"2,449,423,472.00",13024224291
600760,20-Jul-21,340.0524,353.1436,337.3916,347.9284,29359662,"1,903,417,424.00",10215060224
600760,21-Jul-21,345.5869,366.5541,343.7775,357.9331,35248531,"2,366,951,760.00",12616615971
600760,22-Jul-21,355.1126,377.836,350.1635,371.9822,37771391,"2,584,576,688.00",14050285121
600760,23-Jul-21,371.8757,408.0628,363.8401,392.5769,51729651,"3,708,774,992.00",20307866028
600760,26-Jul-21,393.8009,419.7704,377.836,377.836,68521321,"5,171,491,840.00",25889821841
600760,27-Jul-21,375.4944,396.3553,364.3723,364.798,58864307,"4,199,252,736.00",21473581465
600760,28-Jul-21,358.6781,359.2635,335.2629,345.9062,44268546,"2,874,769,984.00",15312764526
600760,29-Jul-21,356.5494,378.1021,351.4407,373.3658,46129068,"3,165,764,224.00",17223016377
600760,30-Jul-21,372.0886,379.3792,355.0594,360.9664,34398100,"2,368,273,200.00",12416558324
600760,2-Aug-21,366.767,390.9272,357.188,383.4237,38455689,"2,730,423,424.00",14744822562
600760,3-Aug-21,383.1044,399.2821,374.8026,384.2751,39558515,"2,877,184,992.00",15201352307
600760,4-Aug-21,380.4968,405.0295,378.9535,399.6547,35495055,"2,635,246,000.00",14185765558
600760,5-Aug-21,400.4529,415.0874,393.8009,399.974,49554741,"3,780,353,392.00",19820607977
600760,6-Aug-21,395.557,401.2512,380.4968,397.1003,39860400,"2,925,159,296.00",15828576798
600760,9-Aug-21,397.1003,411.0962,391.5658,397.1003,27988411,"2,104,140,288.00",11114206405
600760,10-Aug-21,391.4062,418.174,391.4062,408.6482,44225405,"3,406,033,488.00",18072632148
600760,11-Aug-21,404.4441,411.0429,396.0892,401.2512,30458977,"2,295,532,352.00",12221701072
600760,12-Aug-21,398.9629,401.7301,381.4547,383.1044,28951487,"2,110,824,928.00",11091442056
600760,13-Aug-21,380.7629,396.6746,375.1751,385.233,28733913,"2,089,323,584.00",11069251507
600760,16-Aug-21,385.0202,391.6722,377.836,382.6255,18416416,"1,334,068,352.00",7046590380
600760,17-Aug-21,383.1576,390.7675,375.6009,377.836,22364104,"1,613,408,496.00",8449963599
600760,18-Aug-21,379.4325,407.5307,374.643,399.1225,41675200,"3,102,472,656.00",16633510012
600760,19-Aug-21,396.4617,409.7658,388.5325,401.4108,29089399,"2,195,188,592.00",11676798924
600760,20-Aug-21,394.7588,405.7745,387.4149,388.5857,26015449,"1,922,941,376.00",10109231460
600760,23-Aug-21,395.3974,427.4336,389.65,424.081,54497294,"4,288,339,568.00",23111266937
600760,24-Aug-21,409.7658,428.3915,393.4283,425.7307,50830845,"3,917,553,280.00",21640251223
600760,25-Aug-21,420.409,432.1166,406.9453,419.8769,25761241,"2,023,819,744.00",10816550011
600760,26-Aug-21,417.2161,427.4336,409.6594,412.5862,21956152,"1,726,340,576.00",9058805320
600760,27-Aug-21,409.819,413.3845,400.6125,406.5728,20465809,"1,560,063,952.00",8320841269
600760,30-Aug-21,414.5552,445.3143,414.5552,429.243,37223322,"2,999,586,304.00",15977850405
600760,31-Aug-21,449.678,456.3833,423.602,436.64,41134926,"3,403,832,960.00",17961154089
600760,1-Sep-21,443.7178,446.9108,399.1757,424.6664,36715036,"2,905,622,080.00",15591642164
600760,2-Sep-21,416.2049,431.6377,416.1517,425.7839,16619265,"1,330,073,680.00",7076215467
600760,3-Sep-21,425.1453,429.4558,393.9605,398.6967,32282824,"2,461,077,344.00",12871055395
600760,6-Sep-21,393.2687,401.7833,382.2529,398.0582,23353051,"1,726,346,752.00",9295873446
600760,7-Sep-21,397.526,409.2868,393.8541,399.6547,17571289,"1,327,036,336.00",7022448234
600760,8-Sep-21,400.0804,403.2202,387.4149,389.5435,20188600,"1,487,827,168.00",7864337904
600760,9-Sep-21,387.8406,412.3734,384.8073,409.0208,26328075,"1,968,324,640.00",10768730299
600760,10-Sep-21,409.0208,409.0208,395.9295,398.75,21037667,"1,585,844,048.00",8388769716
600760,13-Sep-21,398.75,404.3909,385.1798,390.0757,15411506,"1,135,592,224.00",6011653991
600760,14-Sep-21,393.1623,400.5061,385.2863,387.9471,18137672,"1,333,577,488.00",7036457253
600760,15-Sep-21,386.2442,395.0249,372.6208,390.0225,20459725,"1,474,331,280.00",7979753094
600760,16-Sep-21,387.4149,392.6833,377.836,379.1132,13232044,"955,529,120.00",5016442543
600760,17-Sep-21,379.6985,384.5412,356.5494,370.9711,20177009,"1,401,100,016.00",7485087223
600760,22-Sep-21,365.6494,390.0757,362.4032,379.9114,16826056,"1,201,933,600.00",6392410491
600760,23-Sep-21,380.0179,398.0582,380.0179,395.3974,23403384,"1,724,586,800.00",9253637185
600760,24-Sep-21,393.588,397.7389,389.0646,390.9804,11707366,"863,588,800.00",4577350642
600760,27-Sep-21,387.9471,393.5348,366.0219,376.3459,17397237,"1,233,507,184.00",6547378816
600760,28-Sep-21,375.9202,380.7629,373.419,373.7915,11741402,"831,928,208.00",4388836266
600760,29-Sep-21,370.2793,373.419,352.8243,352.8775,17005361,"1,150,081,712.00",6000809276
600760,30-Sep-21,356.4962,365.4898,356.1769,363.6804,11576534,"789,395,184.00",4210158516
600760,8-Oct-21,366.6606,368.1506,351.3875,354.4208,10736201,"722,563,376.00",3805132947
600760,11-Oct-21,356.8155,373.3126,355.219,360.3278,13995279,"958,331,360.00",5042888092
600760,12-Oct-21,359.2102,359.2102,342.7664,347.6091,13585142,"894,008,160.00",4722318984
600760,13-Oct-21,324.6196,342.8728,319.5641,341.5424,26589158,"1,658,078,464.00",9081324837
600760,14-Oct-21,337.1096,364.5939,336.1508,357.6696,21855706,"1,462,036,608.00",7817121623
600760,15-Oct-21,357.6163,360.3328,354.1009,357.1902,10828825,"727,048,576.00",3867950168
600760,18-Oct-21,357.4565,370.5063,357.4032,367.7898,11966628,"821,316,352.00",4401203719
600760,19-Oct-21,368.0028,369.0149,358.3087,361.4513,10823837,"735,161,376.00",3912289955
600760,20-Oct-21,361.4513,369.441,360.5459,368.9616,11812259,"812,135,824.00",4358269980
600760,21-Oct-21,365.1266,370.1867,360.4926,365.1798,8636747,"589,715,648.00",3153965542
600760,22-Oct-21,364.8603,368.3757,360.7056,366.7245,7383626,"505,987,408.00",2707756553
600760,25-Oct-21,369.2812,377.3773,364.8603,375.6196,13601131,"950,311,168.00",5108851386
600760,26-Oct-21,375.3533,379.2416,372.6901,377.0578,10132617,"715,375,648.00",3820582274
600760,27-Oct-21,383.5027,388.8292,375.7262,383.343,15989658,"1,147,316,544.00",6129523467
600760,28-Oct-21,378.2296,395.2209,378.1763,387.1247,16537223,"1,201,961,888.00",6401967493
600760,29-Oct-21,388.8292,403.5833,379.4014,402.1452,25761410,"1,917,787,376.00",10359827377
600760,1-Nov-21,410.3479,418.5506,398.8428,402.1452,27956531,"2,146,927,552.00",11242584750
600760,2-Nov-21,404.8084,426.7534,403.2105,417.9647,30317329,"2,366,764,528.00",12671573320
600760,3-Nov-21,412.7981,413.8634,396.659,410.7741,20048627,"1,525,964,512.00",8235456712
600760,4-Nov-21,408.0043,420.1486,405.3411,415.8342,16279836,"1,262,691,888.00",6769712579
600760,5-Nov-21,412.8514,418.3909,402.5181,402.6779,12048667,"927,466,912.00",4851731925
600760,8-Nov-21,398.2037,407.8978,394.1556,406.6727,8785314,"664,425,760.00",3572747365
600760,9-Nov-21,404.5421,420.7877,402.8376,414.9287,17861045,"1,389,028,896.00",7411060182
600760,10-Nov-21,414.6091,422.9183,404.8084,410.0284,15713305,"1,217,964,016.00",6442901308
600760,11-Nov-21,404.8084,414.396,400.9734,412.5318,12745523,"979,351,472.00",5257933545
600760,12-Nov-21,412.5318,425.475,411.2534,423.2912,21994106,"1,738,862,720.00",9309911522
600760,15-Nov-21,422.9183,427.1794,404.8084,406.2998,22091176,"1,716,390,256.00",8975640391
600760,16-Nov-21,402.0387,412.372,384.1952,387.0182,26707522,"1,987,733,360.00",10336297091
600760,17-Nov-21,387.0182,396.2329,379.1884,390.8532,17880998,"1,304,754,480.00",6988845287
600760,18-Nov-21,389.0422,401.8789,382.4375,395.4872,16903765,"1,247,241,376.00",6685222689
600760,19-Nov-21,394.1556,396.7123,390.001,391.2793,12140485,"894,705,696.00",4750320472
600760,22-Nov-21,391.1728,392.8773,383.5027,389.7346,17934377,"1,307,461,184.00",6989647246
600760,23-Nov-21,389.8944,389.8944,378.1763,382.757,15338864,"1,106,795,440.00",5871057568
600760,24-Nov-21,382.9701,386.166,372.8499,375.0338,14589499,"1,034,051,248.00",5471555250
600760,25-Nov-21,374.9805,378.123,369.3877,371.1454,11811788,"826,837,504.00",4383890782
600760,26-Nov-21,371.1454,377.4839,368.3224,372.6368,11273807,"790,866,080.00",4201035364
600760,29-Nov-21,367.5235,385.8996,363.9548,385.1007,21252849,"1,517,564,912.00",8184487027
600760,30-Nov-21,384.568,396.659,384.0354,388.7227,18070031,"1,328,230,240.00",7024231239
600760,1-Dec-21,388.8292,392.5044,384.568,388.0302,10531059,"766,922,096.00",4086368930
600760,2-Dec-21,388.0302,390.8,384.8876,385.1539,8568935,"623,385,968.00",3300358734
600760,3-Dec-21,388.8292,402.8909,388.8292,398.9494,20888007,"1,562,245,152.00",8333257860
600760,6-Dec-21,398.1504,401.5593,392.3446,396.8188,13538128,"1,011,400,512.00",5372183707
600760,7-Dec-21,396.6057,400.5473,376.1523,381.1059,16353194,"1,183,501,216.00",6232298717
600760,8-Dec-21,383.2364,387.7639,380.9993,386.4323,10013737,"722,985,376.00",3869631421
600760,9-Dec-21,383.9821,386.5921,378.1763,380.52,12390128,"884,866,768.00",4714691507
600760,10-Dec-21,380.5732,382.9168,376.5784,378.4959,11706102,"831,956,160.00",4430711612
600760,13-Dec-21,376.3654,379.7743,372.264,377.4839,11204480,"789,987,760.00",4229510808
600760,14-Dec-21,375.1935,384.9941,374.4478,378.9753,13919259,"994,695,776.00",5275055355
600760,15-Dec-21,378.709,380.7863,373.063,373.3825,9461333,"666,924,640.00",3532696169
600760,16-Dec-21,373.3825,379.4547,373.3825,378.6557,8593769,"607,765,744.00",3254079616
600760,17-Dec-21,375.7794,379.5079,366.7245,366.9908,12617332,"879,398,416.00",4630444765
600760,20-Dec-21,363.3689,369.0149,351.3311,353.6215,15504725,"1,038,281,552.00",5482804112
600760,21-Dec-21,353.5682,362.6232,351.704,361.6644,8877300,"595,817,008.00",3210603378
600760,22-Dec-21,361.6644,365.02,359.5338,360.4393,6383358,"433,446,400.00",2300813089
600760,23-Dec-21,360.4393,364.8603,355.8053,358.9479,7577062,"512,293,184.00",2719770493
600760,24-Dec-21,358.9479,361.3448,352.6094,355.8053,7193920,"481,252,304.00",2559634864
600760,27-Dec-21,355.6988,358.362,350.4789,351.6507,6373009,"422,499,472.00",2241073076
600760,28-Dec-21,351.8105,356.7108,346.8569,356.7108,7569005,"500,155,712.00",2699945829
600760,29-Dec-21,356.9771,361.7177,355.3259,359.0545,11554560,"778,105,744.00",4148716764
600760,30-Dec-21,357.8826,370.0802,356.9771,365.2864,14956780,"1,027,250,416.00",5463508322
600760,31-Dec-21,368.2692,368.4822,359.5338,362.4101,12091028,"821,716,320.00",4381910667
600760,4-Jan-22,357.9359,367.5235,357.5098,358.7881,11430260,"774,897,072.00",4101041268
600760,5-Jan-22,359.2675,361.2383,337.2161,340.5185,16230693,"1,052,876,160.00",5526851234
600760,6-Jan-22,339.2934,340.625,329.2265,335.2986,14563437,"913,944,272.00",4883100037
600760,7-Jan-22,336.0443,342.1696,329.1732,330.8244,10725782,"675,607,152.00",3548350395
600760,10-Jan-22,329.7058,337.1628,329.7058,336.5237,8965256,"562,169,888.00",3017021121
600760,11-Jan-22,337.6955,337.8553,327.5753,329.4928,9252702,"575,290,736.00",3048698690
600760,12-Jan-22,329.7058,337.0031,329.4928,336.6302,8833648,"553,579,648.00",2973672693
600760,13-Jan-22,336.6302,337.5357,329.7058,330.0254,6592754,"411,124,288.00",2175776276
600760,14-Jan-22,328.1079,331.0374,319.266,319.5856,13703962,"832,862,192.00",4379588918
600760,17-Jan-22,320.1715,328.4275,317.9877,327.735,10416969,"633,310,208.00",3414005335
600760,18-Jan-22,325.8175,331.4636,324.699,329.2265,7431560,"458,617,808.00",2446666488
600760,19-Jan-22,329.2265,329.2265,308.9328,313.9929,15008249,"891,019,472.00",4712483627
600760,20-Jan-22,314.2592,315.3245,298.8658,302.3813,24649802,"1,410,150,448.00",7453639174
600760,21-Jan-22,280.7027,287.3607,272.1272,282.7267,43624493,"2,282,349,168.00",12333808945
600760,24-Jan-22,282.567,291.249,278.0395,286.5618,17953169,"958,601,200.00",5144692424
600760,25-Jan-22,289.225,294.3383,283.0996,283.2061,15416984,"835,744,512.00",4366183912
600760,26-Jan-22,283.0996,287.4673,274.8436,281.1288,12567944,"663,452,064.00",3533211015
600760,27-Jan-22,281.0223,283.8453,272.2337,272.9794,9416950,"490,299,104.00",2570633361
600760,28-Jan-22,274.8436,279.6374,271.1151,274.8436,9740978,"504,264,704.00",2677245461
600760,7-Feb-22,280.7027,281.768,274.4708,275.6426,7772915,"403,995,008.00",2142546500
600760,8-Feb-22,277.5068,277.5068,268.0791,277.5068,9010273,"462,258,096.00",2500412027
600760,9-Feb-22,276.4416,283.8986,274.4175,282.4604,13015967,"684,843,200.00",3676495245
600760,10-Feb-22,282.5137,287.627,279.957,282.8333,11803413,"628,137,264.00",3338398250
600760,11-Feb-22,281.768,284.2181,275.0567,276.3883,8578406,"450,701,840.00",2370971051
600760,14-Feb-22,279.6374,287.627,277.933,283.0996,14391457,"765,243,008.00",4074215720
600760,15-Feb-22,282.9931,291.0892,282.0343,288.7456,16176629,"874,236,640.00",4670930447
600760,16-Feb-22,286.2954,286.2954,278.5721,280.4897,16913555,"892,698,368.00",4744077968
600760,17-Feb-22,279.6374,290.1837,278.4656,287.414,16153541,"863,590,720.00",4642753833
600760,18-Feb-22,284.9638,285.0171,279.1048,281.981,13012730,"686,835,184.00",3669342618
600760,21-Feb-22,282.3006,286.5618,279.744,281.6615,10692102,"566,910,016.00",3011553487
600760,22-Feb-22,286.1357,287.3607,274.0447,278.4124,14983014,"785,604,704.00",4171456887
600760,23-Feb-22,277.933,289.7576,275.6426,289.438,24780216,"1,326,434,480.00",7172336159
600760,24-Feb-22,288.1597,308.1338,284.6443,301.2094,44056404,"2,446,662,048.00",13270203015
600760,25-Feb-22,292.9535,300.6768,286.5618,296.682,24702078,"1,365,843,248.00",7328661905
600760,28-Feb-22,300.4105,303.34,295.8298,298.493,20035907,"1,129,332,496.00",5980577988
600760,1-Mar-22,301.2627,313.62,298.0669,309.0926,28159256,"1,621,981,904.00",8703817651
600760,2-Mar-22,309.4654,310.8503,302.541,304.2455,17770212,"1,017,272,656.00",5406507035
600760,3-Mar-22,304.5651,304.8847,293.859,294.1786,15774874,"877,511,040.00",4640630348
600760,4-Mar-22,294.0188,296.0961,286.8813,289.3848,12967915,"707,530,560.00",3752717489
600760,7-Mar-22,292.048,293.5927,285.0704,285.3367,12664482,"685,692,944.00",3613641501
600760,8-Mar-22,283.0996,286.5618,271.2749,271.9141,14509285,"757,222,848.00",3945279172
600760,9-Mar-22,272.9794,275.1632,252.739,273.7251,21994669,"1,090,295,248.00",6020492971
600760,10-Mar-22,276.6013,289.225,276.6013,284.3247,18748074,"998,246,016.00",5330540516
600760,11-Mar-22,281.2354,292.7404,277.8264,292.4208,15451391,"830,407,808.00",4518308117
600760,14-Mar-22,287.627,303.5531,286.6151,300.0909,23752258,"1,335,018,144.00",7127836480
600760,15-Mar-22,296.9483,306.2696,292.9535,293.0067,22613919,"1,276,993,648.00",6626029780
600760,16-Mar-22,297.3744,304.4053,288.1597,302.2747,19662400,"1,100,395,184.00",5943446061
600760,17-Mar-22,304.8847,307.7077,297.9071,299.3452,20968454,"1,185,929,376.00",6276806056
600760,18-Mar-22,297.2146,297.7473,289.2783,293.859,12079197,"666,498,752.00",3549580751
600760,21-Mar-22,293.1133,302.541,293.1133,298.2799,9899922,"554,263,600.00",2952947744
600760,22-Mar-22,297.694,302.541,293.3796,297.4809,10373784,"578,886,000.00",3086002601
600760,23-Mar-22,295.67,318.4138,294.9775,312.9276,25985180,"1,511,923,952.00",8131480013
600760,24-Mar-22,308.9328,321.1835,307.8675,314.8451,18501229,"1,099,011,024.00",5825021295
600760,25-Mar-22,314.8983,333.1147,312.9276,318.5203,19073858,"1,160,011,072.00",6075410972
600760,28-Mar-22,313.7798,321.5031,312.0221,313.5135,8654241,"512,832,400.00",2713221386
600760,29-Mar-22,324.8588,327.0426,307.6012,308.1871,20334610,"1,207,438,976.00",6266864486
600760,30-Mar-22,307.8675,309.8383,299.6115,305.4706,18148347,"1,036,919,712.00",5543786447
600760,31-Mar-22,303.7661,304.5651,296.4157,299.8246,10727352,"603,675,200.00",3216324022
600760,1-Apr-22,298.0136,302.1682,296.4689,300.8899,8740878,"492,318,384.00",2630041907
600760,6-Apr-22,299.718,299.8778,280.8092,284.1649,16955931,"912,000,032.00",4818280437
600760,7-Apr-22,283.6322,296.5755,282.3006,288.4793,14059983,"768,749,920.00",4056014054
600760,8-Apr-22,287.3607,290.8229,281.5016,284.3247,9311055,"499,978,832.00",2647362920
600760,11-Apr-22,282.78,284.0051,271.5945,273.299,12618917,"651,908,496.00",3448737397
600760,12-Apr-22,273.2457,273.7784,263.7114,272.5,12012697,"604,695,136.00",3273459933
600760,13-Apr-22,270.5825,272.6598,266.9073,268.8248,6726905,"341,019,152.00",1808358891
600760,14-Apr-22,267.9193,277.6667,266.3746,275.8557,9197295,"471,338,704.00",2537126250
600760,15-Apr-22,272.7131,282.1941,269.89,278.6786,11237210,"584,777,136.00",3131569951
600760,18-Apr-22,275.9089,287.2009,275.2697,285.603,12903188,"686,655,680.00",3685189202
600760,19-Apr-22,283.8986,288.5325,282.9398,287.627,8251994,"443,257,648.00",2373496278
600760,20-Apr-22,286.9879,288.6391,281.2886,286.5085,9050422,"485,008,688.00",2593022832
600760,21-Apr-22,283.8986,290.6631,275.4295,275.8557,8080304,"427,708,080.00",2228997916
600760,22-Apr-22,275.0034,276.4416,269.5172,270.0499,7036457,"359,556,976.00",1900194509
600760,25-Apr-22,267.653,267.653,250.1823,250.3421,11424069,"552,259,744.00",2859925424
600760,26-Apr-22,251.94,254.8163,229.0364,231.8061,13784526,"618,473,776.00",3195337212
600760,27-Apr-22,229.0364,252.5259,227.2254,250.2355,17148632,"778,021,216.00",4291196503
600760,28-Apr-22,246.6136,261.5276,246.507,252.3128,10720587,"511,048,080.00",2704941324
600760,29-Apr-22,254.1238,267.2268,251.94,265.7887,11914249,"582,559,424.00",3166672753
600760,5-May-22,268.4519,288.6391,266.5344,280.17,20332892,"1,070,291,568.00",5696666352
600760,6-May-22,272.3402,288.1597,272.1804,281.2354,14100878,"742,864,560.00",3965666065
600760,9-May-22,283.4724,293.9655,281.2354,293.4861,17168648,"931,392,352.00",5038759544
600760,10-May-22,288.9586,299.2919,286.5618,296.0428,16989462,"937,073,184.00",5029607901
600760,11-May-22,297.7473,300.9431,288.213,290.9294,19298177,"1,067,637,440.00",5614407056
600760,12-May-22,288.0532,297.9071,288.0532,296.7352,12595624,"694,752,096.00",3737565007
600760,13-May-22,296.7352,297.9603,291.9415,293.4861,6774629,"373,427,568.00",1988259444
600760,16-May-22,298.3332,299.9844,289.5978,290.0772,7202829,"397,042,448.00",2089376468
600760,17-May-22,290.0772,295.3504,287.2009,292.847,6812783,"373,654,032.00",1995103063
600760,18-May-22,294.0188,296.0428,289.3848,291.3556,7107478,"390,266,448.00",2070803517
600760,19-May-22,287.6803,293.4861,285.1236,291.6219,11211109,"607,668,208.00",3269404908
600760,20-May-22,291.6219,297.6407,290.5566,294.7112,8626371,"475,898,688.00",2542288149
600760,23-May-22,292.9535,295.5102,286.5085,294.5514,10393919,"566,026,336.00",3061543393
600760,24-May-22,294.5514,302.9139,279.3178,279.3178,20380404,"1,111,991,088.00",5692609608
600760,25-May-22,278.4124,287.8934,277.0275,284.4312,10969140,"584,608,352.00",3119965653
600760,26-May-22,284.069,297.0982,284.069,290.5031,15616162,"850,227,072.00",4536543471
600760,27-May-22,293.4521,296.2939,289.0018,290.1278,11349548,"619,662,976.00",3292819392
600760,30-May-22,290.6104,295.9722,289.0018,295.2215,8584606,"469,119,040.00",2534360260
600760,31-May-22,295.2215,300.7978,293.2913,299.5646,11264182,"625,972,704.00",3374350175
600760,1-Jun-22,298.1169,311.6287,296.562,305.6234,16568477,"947,263,424.00",5063714274
600760,2-Jun-22,304.5511,309.8593,301.1731,306.8567,9623843,"548,813,488.00",2953140704
600760,6-Jun-22,306.9103,311.3606,301.5485,310.5563,11602438,"665,151,856.00",3603210216
600760,7-Jun-22,308.8405,317.7411,308.8405,313.9879,13172752,"770,505,808.00",4136084738
600760,8-Jun-22,312.0576,313.5589,299.082,305.3554,17716517,"1,007,837,376.00",5409834135
600760,9-Jun-22,305.3554,306.9103,297.8488,299.7791,11306204,"636,015,168.00",3389363660
600760,10-Jun-22,300.637,313.6662,300.5297,313.2372,17251518,"998,936,928.00",5403817194
600760,13-Jun-22,315.0066,319.2961,306.106,317.205,17956610,"1,051,571,728.00",5695926475
600760,14-Jun-22,309.9129,313.3981,302.1383,307.8754,12735421,"728,449,120.00",3920922835
600760,15-Jun-22,308.1971,313.1836,306.5886,307.8754,10445431,"604,424,880.00",3215891247
600760,16-Jun-22,307.8754,312.6474,303.4787,305.7307,8189634,"470,540,192.00",2503822536
600760,17-Jun-22,304.3902,307.1784,299.5646,305.2481,11413804,"644,927,504.00",3484041985
600760,20-Jun-22,307.232,313.6662,303.6396,309.2695,11150871,"644,532,000.00",3448624299
600760,21-Jun-22,310.9853,310.9853,300.5833,302.5136,9213469,"522,570,480.00",2787199676
600760,22-Jun-22,302.5136,304.98,296.6156,296.8837,7680174,"430,371,136.00",2280118474
600760,23-Jun-22,295.8113,316.8833,295.0607,316.2398,23316576,"1,345,169,184.00",7373629331
600760,24-Jun-22,317.4195,326.9635,317.4195,318.9207,21821245,"1,310,354,032.00",6959246730
600760,27-Jun-22,321.7089,321.7089,314.0951,316.3471,14137440,"836,040,336.00",4472338145
600760,28-Jun-22,316.5079,328.2503,316.5079,325.7303,22992878,"1,392,913,584.00",7489477049
600760,29-Jun-22,323.2102,328.1431,318.2773,318.3846,12038731,"724,631,824.00",3832946554
600760,30-Jun-22,319.0816,327.6069,315.4892,324.1217,13500993,"813,610,288.00",4375964803
600760,1-Jul-22,324.1217,336.722,324.1217,330.7167,16802987,"1,037,446,624.00",5557028411
600760,4-Jul-22,332.2717,343.0489,327.0707,339.9927,19038410,"1,202,712,448.00",6472920420
600760,5-Jul-22,337.848,339.8318,325.3549,332.4325,16719169,"1,032,752,976.00",5557995149
600760,6-Jul-22,329.0546,334.0411,323.6392,329.6444,13413943,"823,207,552.00",4421831192
600760,7-Jul-22,327.875,335.9713,327.875,331.1993,13015150,"806,376,224.00",4310608569
600760,8-Jul-22,329.7516,334.9526,324.4434,329.001,9725239,"596,832,000.00",3199613356
600760,11-Jul-22,328.4112,328.4112,319.028,323.7464,10428936,"626,718,624.00",3376330486
600760,12-Jul-22,323.6928,334.2556,321.1727,321.2799,11889323,"724,765,216.00",3819800505
600760,13-Jul-22,318.3846,320.6902,311.9504,313.6662,11685855,"686,473,328.00",3665457732
600760,14-Jul-22,314.8994,322.8349,313.7198,319.0816,9250365,"550,901,584.00",2951621265
600760,15-Jul-22,318.1701,323.0493,312.9155,313.5053,9233715,"545,397,920.00",2894818591
600760,18-Jul-22,312.8619,314.4705,302.5672,308.2508,14494205,"827,476,464.00",4467850287
600760,19-Jul-22,308.9478,311.4142,304.6047,310.0201,10401663,"597,385,984.00",3224724603
600760,20-Jul-22,310.3955,321.1191,310.3955,321.0119,18685541,"1,103,252,480.00",5998281019
600760,21-Jul-22,320.3684,320.3684,308.5188,308.6261,17261539,"1,003,878,032.00",5327361462
600760,22-Jul-22,309.752,312.3793,303.3179,307.8218,9040168,"517,218,336.00",2782760786
600760,25-Jul-22,313.6662,316.8833,307.8754,309.3767,10029750,"583,073,920.00",3102970957
600760,26-Jul-22,310.7172,317.2586,307.1248,315.7037,12928964,"758,226,016.00",4081721772
600760,27-Jul-22,314.2024,333.0759,314.2024,327.3924,25000413,"1,522,749,056.00",8184945213
600760,28-Jul-22,327.3924,332.4325,323.2102,331.6282,15339452,"938,778,272.00",5086994856
600760,29-Jul-22,328.5184,330.2878,322.7276,327.9286,12705931,"773,438,208.00",4166638165
600760,1-Aug-22,329.7516,332.7006,320.9046,324.8188,12303278,"745,701,808.00",3996335996
600760,2-Aug-22,332.3789,335.1134,322.2451,327.2852,27554272,"1,691,655,984.00",9018105422
600760,3-Aug-22,321.7089,350.1265,320.6365,345.8371,40919643,"2,610,511,168.00",14151530668
600760,4-Aug-22,346.4269,349.1614,335.1671,339.9391,21790461,"1,390,268,304.00",7407429701
600760,5-Aug-22,338.0624,346.3732,330.1806,337.7943,18414088,"1,158,517,728.00",6220173966
600760,8-Aug-22,335.9713,348.4644,335.7568,345.6762,16196546,"1,042,256,624.00",5598760474
600760,9-Aug-22,343.1025,363.4774,342.2447,359.3488,25260583,"1,665,569,936.00",9077360188
600760,10-Aug-22,358.7591,371.3057,357.4186,362.4587,21292215,"1,451,333,536.00",7717548569
600760,11-Aug-22,359.6706,366.1584,353.8798,363.9064,12402991,"838,178,880.00",4513527804
600760,12-Aug-22,359.2952,368.3567,354.2551,354.416,12945607,"867,244,112.00",4588130251
600760,15-Aug-22,353.8798,358.1156,352.0032,354.7913,8098872,"535,547,840.00",2873409325
600760,16-Aug-22,355.4883,359.3488,352.593,354.7377,6621152,"438,636,048.00",2348772232
600760,17-Aug-22,353.7726,354.9521,345.3545,348.7325,9829371,"638,729,088.00",3427821122
600760,18-Aug-22,348.7325,352.2712,342.3519,349.5367,8265268,"535,132,656.00",2889014501
600760,19-Aug-22,348.2499,352.6465,340.5289,340.7433,7739190,"497,894,240.00",2637077140
600760,22-Aug-22,338.3842,348.7861,335.1134,347.3384,7314742,"470,128,544.00",2540690783
600760,23-Aug-22,346.1052,347.4456,335.7568,341.6012,9218041,"585,330,848.00",3148893867
600760,24-Aug-22,341.2259,341.2259,327.3924,328.7865,9200099,"569,316,560.00",3024868350
600760,25-Aug-22,329.1618,331.7355,324.5507,329.698,7624836,"466,626,544.00",2513893180
600760,26-Aug-22,330.3414,333.773,322.8349,325.2477,8667671,"530,047,776.00",2819140057
600760,29-Aug-22,321.7089,331.3065,318.3846,330.4487,9149848,"559,290,320.00",3023555377
600760,30-Aug-22,327.0707,327.6069,318.3846,319.725,10235834,"612,729,200.00",3272652026
600760,31-Aug-22,321.2799,322.4059,311.9504,315.0602,9131617,"538,120,608.00",2877009078
600760,1-Sep-22,315.0602,319.4569,310.4491,314.0951,10240615,"599,726,640.00",3216526992
600760,2-Sep-22,311.9504,317.9556,308.8405,314.4168,7929956,"463,432,304.00",2493311390
600760,5-Sep-22,313.6662,317.9556,309.2159,311.5751,5673299,"331,524,800.00",1767658703
600760,6-Sep-22,314.7386,342.7272,314.7386,335.2207,28199501,"1,754,513,296.00",9453056465
600760,7-Sep-22,332.9687,349.1078,331.8427,344.8183,19493407,"1,240,904,624.00",6721683463
600760,8-Sep-22,344.0141,353.8262,344.0141,349.8048,15204314,"994,711,024.00",5318542018
600760,9-Sep-22,348.4644,359.1344,346.266,352.2712,14740235,"970,644,688.00",5192560272
600760,13-Sep-22,353.8798,365.1396,351.1453,362.6195,16656451,"1,116,693,376.00",6039953933
600760,14-Sep-22,360.5284,365.0324,356.8288,360.9574,10442083,"703,223,552.00",3769147130
600760,15-Sep-22,361.3327,362.2978,347.5529,351.3597,10073898,"662,001,632.00",3539561779
600760,16-Sep-22,350.6627,360.7429,349.644,351.8423,13680939,"907,866,816.00",4813533044
600760,19-Sep-22,352.1104,360.2067,349.3223,351.3597,7925814,"521,231,328.00",2784811629
600760,20-Sep-22,352.8074,358.1693,348.6788,351.2525,7158562,"470,746,560.00",2514462799
600760,21-Sep-22,350.4482,354.416,339.4029,352.7538,10285832,"667,157,152.00",3628366324
600760,22-Sep-22,353.7726,360.0995,348.518,355.5419,9506292,"632,128,912.00",3379885120
600760,23-Sep-22,354.4696,379.0803,350.2874,355.8101,23050545,"1,556,000,336.00",8201616722
600760,26-Sep-22,353.3436,357.3113,343.1562,344.2285,12712544,"829,543,408.00",4376019952
600760,27-Sep-22,344.2285,354.416,343.1025,348.089,8114648,"527,857,808.00",2824619708
600760,28-Sep-22,347.392,356.4535,337.2582,339.5638,8942724,"574,995,184.00",3036625344
600760,29-Sep-22,344.1749,351.9495,338.1697,341.6012,8839100,"568,158,768.00",3019447167
600760,30-Sep-22,341.6548,342.62,326.749,326.8026,9519925,"586,715,248.00",3111136242
600760,10-Oct-22,327.0707,333.773,324.3898,326.9099,7647039,"469,232,800.00",2499892755
600760,11-Oct-22,326.9099,330.7704,321.7089,325.5694,6512415,"395,171,568.00",2120243044
600760,12-Oct-22,323.9608,332.3789,315.8645,331.8964,7184620,"434,059,936.00",2384549513
600760,13-Oct-22,328.1431,339.7246,327.3924,331.0385,7425614,"461,080,944.00",2458164120
600760,14-Oct-22,334.0411,353.3436,328.8937,348.3571,12484467,"797,448,512.00",4349052719
600760,17-Oct-22,346.8022,372.378,345.4617,372.2172,19700229,"1,340,051,328.00",7332764078
600760,18-Oct-22,372.2708,375.3271,361.011,371.7882,13418405,"928,013,264.00",4988804642
600760,19-Oct-22,371.7346,372.2708,364.4962,365.3004,6845146,"469,355,696.00",2500534572
600760,20-Oct-22,363.6383,368.4639,358.4373,361.3864,5556231,"376,425,600.00",2007946319
600760,21-Oct-22,361.44,373.6649,358.1693,363.5311,8712508,"592,462,384.00",3167267617
600760,24-Oct-22,370.984,390.501,370.984,385.5681,24025222,"1,717,459,536.00",9263359199
600760,25-Oct-22,384.9783,391.4661,380.3135,384.6566,10736723,"774,397,184.00",4129951364
600760,26-Oct-22,384.4421,391.3053,379.9919,386.1579,8034570,"576,839,696.00",3102612679
600760,27-Oct-22,386.8549,386.8549,375.2734,382.2974,7774337,"551,604,176.00",2972108822
600760,28-Oct-22,377.2037,389.1606,375.4879,379.0267,6983602,"498,025,056.00",2646971620
600760,31-Oct-22,379.0267,391.4125,353.7726,388.5171,18866160,"1,316,522,016.00",7329825771
600760,1-Nov-22,386.5869,389.3214,365.0324,368.732,17516070,"1,218,774,512.00",6458735523
600760,2-Nov-22,367.9814,368.3567,353.5581,362.6195,25106326,"1,679,404,256.00",9104043381
600760,3-Nov-22,358.3837,373.3432,358.1693,366.5873,14657152,"999,808,896.00",5373125777
600760,4-Nov-22,366.6409,368.8929,361.9761,368.0886,9368156,"639,645,296.00",3448311427
600760,7-Nov-22,369.3754,369.858,353.8798,355.5956,16327987,"1,092,283,584.00",5806160334
600760,8-Nov-22,355.4883,361.6008,353.8798,360.6357,9925067,"663,998,224.00",3579333485
600760,9-Nov-22,366.212,367.9278,356.2926,356.7216,11083685,"749,079,568.00",3953789847
600760,10-Nov-22,353.5045,355.4883,348.518,350.1801,8761447,"573,954,000.00",3068084387
600760,11-Nov-22,356.5607,358.1693,348.518,355.5419,12315485,"811,099,824.00",4378670936
600760,14-Nov-22,355.5419,358.7054,348.518,352.4857,9024235,"595,668,896.00",3180913791
600760,15-Nov-22,349.644,355.4883,349.5903,354.7913,9665869,"636,842,928.00",3429366228
600760,16-Nov-22,354.8449,366.5337,354.8449,359.7778,17205965,"1,158,864,864.00",6190324235
600760,17-Nov-22,355.6492,357.9548,343.6923,353.0755,12998499,"845,071,744.00",4589451534
600760,18-Nov-22,350.6091,353.7726,344.0141,344.7111,8355473,"540,474,672.00",2880224289
600760,21-Nov-22,344.6038,346.9094,341.0114,345.569,9051580,"581,174,240.00",3127945449
600760,22-Nov-22,345.5154,358.9199,344.2285,351.6814,15609265,"1,024,487,616.00",5489488168
600760,23-Nov-22,352.2712,356.8288,346.4269,354.7377,9830121,"645,627,328.00",3487114514
600760,24-Nov-22,354.416,356.5607,349.1078,350.5555,6663808,"438,182,576.00",2336034545
600760,25-Nov-22,351.0917,351.6278,343.1562,343.8532,6644036,"430,175,728.00",2284573040
600760,28-Nov-22,338.3842,349.3759,337.7943,346.8022,6073352,"389,618,224.00",2106251835
600760,29-Nov-22,352.2712,359.6169,345.8907,346.963,12213958,"801,543,072.00",4237791510
600760,30-Nov-22,350.0193,351.1989,333.2904,333.6657,22380778,"1,409,042,048.00",7467697958
600760,1-Dec-22,332.5398,336.6684,329.0546,336.293,14448753,"897,166,528.00",4859014493
600760,2-Dec-22,334.3628,334.5236,330.6095,331.7891,9551057,"592,252,800.00",3168936606
600760,5-Dec-22,333.2904,334.3091,323.3174,326.3201,19272428,"1,179,693,856.00",6288980632
600760,6-Dec-22,324.1217,328.9473,318.8135,328.9473,17071336,"1,031,046,416.00",5615569885
600760,7-Dec-22,327.0707,333.5049,326.1592,333.5049,14988299,"925,869,648.00",4998671159
600760,8-Dec-22,333.9875,334.3628,324.8188,325.5694,12168407,"746,199,728.00",3961660966
600760,9-Dec-22,325.5694,327.4997,318.8135,319.7787,14207337,"850,120,288.00",4543203756
600760,12-Dec-22,318.7063,324.3362,314.2024,321.8161,11345876,"675,229,040.00",3651285565
600760,13-Dec-22,321.7089,321.7625,316.4007,317.3122,6653293,"395,203,728.00",2111171039
600760,14-Dec-22,316.9369,322.5132,316.3471,319.8323,6071439,"362,794,688.00",1941842300
600760,15-Dec-22,318.3846,322.1915,318.3846,320.2076,4846545,"289,423,024.00",1551900543
600760,16-Dec-22,319.5106,320.1004,312.5938,314.3632,6500460,"382,156,032.00",2043505407
600760,19-Dec-22,313.7198,316.0254,308.5724,309.5912,6777202,"393,642,704.00",2098162100
600760,20-Dec-22,309.4303,314.5777,309.3767,313.827,7562617,"440,897,200.00",2373353405
600760,21-Dec-22,313.6126,317.7948,311.0925,312.9691,6038577,"354,519,792.00",1889888009
600760,22-Dec-22,311.7896,317.4195,306.1596,313.13,6778508,"393,626,768.00",2122554210
600760,23-Dec-22,311.0925,312.5938,300.7978,302.6745,8195404,"467,335,056.00",2480539808
600760,26-Dec-22,302.9425,317.5267,302.9425,317.3122,14165332,"824,420,416.00",4494832661
600760,27-Dec-22,316.8833,319.725,313.827,316.2398,6258755,"368,994,640.00",1979267429
600760,28-Dec-22,316.2935,316.2935,306.9103,308.8405,7899776,"458,028,560.00",2439770770
600760,29-Dec-22,309.3767,319.028,307.232,313.5589,9961254,"583,341,104.00",3123439847
600760,30-Dec-22,313.5053,317.7411,310.9853,314.3632,6556715,"384,817,744.00",2061189909
600760,3-Jan-23,313.1836,324.926,312.701,324.0145,13545769,"811,266,976.00",4389025570
600760,4-Jan-23,323.6392,323.7464,317.5267,320.3684,7151213,"427,271,392.00",2291022667
600760,5-Jan-23,320.4221,323.2638,319.2961,322.674,7794901,"467,346,848.00",2515211885
600760,6-Jan-23,320.9583,322.7813,320.4757,321.8698,6336497,"379,926,080.00",2039527022
600760,9-Jan-23,321.9234,323.9073,311.8432,313.5589,12150775,"715,386,080.00",3809983643
600760,10-Jan-23,313.9343,315.7573,307.6609,309.2695,11801763,"680,782,688.00",3649925342
600760,11-Jan-23,308.358,313.6662,307.0711,309.1086,7168498,"414,274,768.00",2215844381
600760,12-Jan-23,314.2024,315.8109,307.5537,308.4652,8921236,"516,405,552.00",2751890847
600760,13-Jan-23,309.1623,310.3419,306.8031,309.5376,5721587,"329,353,552.00",1771046308
600760,16-Jan-23,309.6448,314.5777,308.5724,313.13,10509019,"612,020,272.00",3290689119
600760,17-Jan-23,314.2024,316.8833,310.878,315.5428,9000515,"528,641,616.00",2840047705
600760,18-Jan-23,315.5428,316.8297,314.256,315.5428,4925860,"289,962,704.00",1554319657
600760,19-Jan-23,312.5938,319.8323,312.5938,319.2425,7186293,"425,080,160.00",2294170143
600760,20-Jan-23,319.2425,321.4944,317.8484,319.4033,6244611,"371,972,544.00",1994549361
600760,30-Jan-23,323.7464,331.8964,320.9046,328.3575,21581542,"1,315,909,664.00",7086461177
600760,31-Jan-23,325.8911,328.7329,325.4622,327.3924,8892607,"542,655,920.00",2911371948
600760,1-Feb-23,327.7678,328.6793,323.5855,328.6793,9983120,"608,360,688.00",3281244893
600760,2-Feb-23,330.2342,331.2529,320.7438,321.6553,16717960,"1,012,234,960.00",5377420439
600760,3-Feb-23,321.7089,324.6043,317.4731,324.2289,11518702,"689,317,088.00",3734696079
600760,6-Feb-23,322.2451,326.749,320.4757,321.2263,7552587,"455,151,456.00",2426089577
600760,7-Feb-23,321.7089,323.5319,316.3471,318.3846,9170419,"545,288,928.00",2919720185
600760,8-Feb-23,318.4918,318.7599,313.6126,313.6126,7971213,"468,627,776.00",2499872834
600760,9-Feb-23,313.2372,317.8484,312.4866,317.0441,7996215,"471,734,224.00",2535152788
600760,10-Feb-23,316.2935,316.8833,310.9853,312.3793,10956625,"639,373,232.00",3422622848
600760,13-Feb-23,312.3793,315.5964,311.3606,313.13,10911929,"637,213,760.00",3416852328
600760,14-Feb-23,312.5938,312.7547,308.8405,311.0925,10485673,"606,620,272.00",3262014228
600760,15-Feb-23,311.1461,313.6662,309.2695,313.3445,8241656,"479,130,480.00",2582477578
600760,16-Feb-23,312.2185,314.3632,305.7843,308.5188,12548197,"727,627,776.00",3871354681
600760,17-Feb-23,308.1971,309.0014,302.9425,304.4975,11361571,"646,374,272.00",3459569966
600760,20-Feb-23,303.854,307.0175,302.9962,306.3741,6531218,"372,001,168.00",2000996037
600760,21-Feb-23,306.4814,311.8968,306.4814,310.61,9335298,"539,815,008.00",2899636912
600760,22-Feb-23,308.7333,311.8968,308.3044,309.5376,5892134,"340,456,416.00",1823837017
600760,23-Feb-23,310.0738,310.181,305.6234,306.6958,6276809,"360,568,480.00",1925070958
600760,24-Feb-23,308.1971,317.5803,308.1971,313.3445,21747254,"1,274,856,000.00",6814382431
600760,27-Feb-23,314.2024,315.1675,308.1971,309.8593,12248116,"710,606,128.00",3795192650
600760,28-Feb-23,309.752,310.9853,307.6609,310.0201,6064763,"350,029,392.00",1880198432
600760,1-Mar-23,309.3767,310.878,309.055,310.6635,6748516,"390,164,656.00",2096517600
600760,2-Mar-23,310.6635,313.13,307.9826,309.4303,8499254,"491,711,072.00",2629926715
600760,3-Mar-23,309.4303,316.5616,308.0899,316.5079,22680634,"1,330,368,896.00",7178599838
600760,6-Mar-23,321.7089,322.5668,313.0228,317.7411,23835109,"1,412,341,008.00",7573393752
600760,7-Mar-23,316.3471,317.205,311.5751,312.3257,12599922,"739,149,744.00",3935279459
600760,8-Mar-23,310.878,315.8109,309.3231,315.1675,9318074,"544,472,208.00",2936754087
600760,9-Mar-23,314.5241,315.1675,304.4975,305.6234,19348883,"1,109,646,192.00",5913471409
600760,10-Mar-23,304.0149,306.5349,303.4787,303.8004,7464055,"423,895,888.00",2267582895
600760,13-Mar-23,303.3715,305.5162,301.6021,304.8728,5719091,"323,710,256.00",1743595287
600760,14-Mar-23,304.283,304.4975,292.7551,297.9561,10826231,"603,891,360.00",3225741566
600760,15-Mar-23,299.5646,299.5646,294.31,295.2215,8279866,"457,627,392.00",2444394460
600760,16-Mar-23,293.2913,294.8998,285.0341,286.8571,10505214,"566,272,272.00",3013495223
600760,17-Mar-23,288.144,290.1278,284.8732,287.7686,6405419,"343,828,992.00",1843278458
600760,20-Mar-23,288.9482,292.1653,287.1252,289.1627,5932103,"320,712,240.00",1715342920
600760,21-Mar-23,293.7202,305.0873,292.8087,297.9024,15085164,"843,950,272.00",4493906560
600760,22-Mar-23,297.5807,297.5807,292.2189,294.0956,8621960,"472,923,376.00",2535680499
600760,23-Mar-23,292.7551,295.9722,290.9321,295.9185,7339906,"401,287,568.00",2172013974
600760,24-Mar-23,294.8998,295.9185,293.4521,293.9347,5349860,"293,741,216.00",1572509494
600760,27-Mar-23,294.2564,294.3636,288.8946,289.6989,6609035,"357,397,216.00",1914630170
600760,28-Mar-23,290.4495,292.0044,286.0528,287.0716,6173202,"331,981,152.00",1772150975
600760,29-Mar-23,287.2324,287.3397,284.2298,286.4281,5579047,"297,095,088.00",1597995832
600760,30-Mar-23,286.589,287.8758,284.766,287.8222,5064453,"270,454,064.00",1457662004
600760,31-Mar-23,288.0903,289.538,286.7498,288.6801,5054681,"271,881,824.00",1459185817
600760,3-Apr-23,288.6801,292.7551,287.8758,291.5219,7611228,"412,553,088.00",2218839648
600760,4-Apr-23,291.361,292.487,286.3209,288.8946,7606871,"409,924,288.00",2197583955
600760,6-Apr-23,288.0903,290.9857,286.2673,290.6104,7241056,"390,871,520.00",2104326181
600760,7-Apr-23,290.8249,292.7551,290.4495,291.5755,6035026,"328,446,320.00",1759665723
600760,10-Apr-23,295.9722,298.2242,292.8087,293.8811,9257402,"510,620,240.00",2720575483
600760,11-Apr-23,293.8811,295.4896,292.2725,293.5594,4227743,"231,492,699.00",1241093698
600760,12-Apr-23,293.613,294.8998,292.2189,293.7202,4065882,"222,494,757.00",1194231674
600760,13-Apr-23,293.9347,296.0794,289.538,294.8462,6462381,"353,540,800.00",1905408481
600760,14-Apr-23,294.8998,295.436,291.6827,294.0956,4429737,"242,360,939.00",1302766161
600760,17-Apr-23,293.613,298.1169,291.6827,297.9561,7941953,"437,867,488.00",2366353342
600760,18-Apr-23,298.1169,307.5537,296.6692,303.2106,16112549,"908,667,520.00",4885495650
600760,19-Apr-23,302.8353,304.2294,299.4574,301.3876,8076478,"453,718,864.00",2434150321
600760,20-Apr-23,300.5833,301.334,297.0446,299.2965,5985703,"333,536,752.00",1791499958
600760,21-Apr-23,298.0633,308.3044,297.8488,303.5323,14727178,"838,858,976.00",4470174211
600760,24-Apr-23,301.8702,308.3044,296.2403,305.3554,10298836,"583,087,680.00",3144805186
600760,25-Apr-23,308.1971,310.3955,303.9613,305.0337,12003174,"687,773,504.00",3661372577
600760,26-Apr-23,303.854,307.8218,300.8514,306.9639,10529578,"598,886,272.00",3232200328
600760,27-Apr-23,307.0175,309.3767,304.0685,308.0363,8446732,"484,053,472.00",2601900072
600760,28-Apr-23,306.4814,309.4303,306.3205,308.358,8177223,"469,622,560.00",2521512130
600760,4-May-23,307.3929,310.181,303.4787,303.5323,8414134,"479,691,376.00",2553961446
600760,5-May-23,303.2643,305.3554,298.385,300.3152,7606055,"426,646,080.00",2284213929
600760,8-May-23,300.3152,314.8994,300.1544,314.3096,21318242,"1,237,009,344.00",6700528116
600760,9-May-23,316.079,330.395,315.5428,317.205,31168385,"1,876,444,240.00",9886767564
600760,10-May-23,317.0977,317.0977,303.8004,307.3392,16960342,"974,281,088.00",5212577942
600760,11-May-23,305.8915,310.2346,304.6047,308.2508,6699054,"384,791,408.00",2064988755
600760,12-May-23,307.8218,308.0899,302.1383,306.4277,8407287,"477,741,888.00",2576225619
600760,15-May-23,305.6771,321.4408,304.6583,320.5829,20233130,"1,193,411,168.00",6486395491
600760,16-May-23,319.8323,322.9421,316.3471,320.5829,11516595,"688,432,304.00",3692023423
600760,17-May-23,320.3684,330.5559,317.0441,325.5694,18315518,"1,110,510,656.00",5962972206
600760,18-May-23,325.5158,325.5694,320.3684,320.851,8494652,"510,342,688.00",2725517589
600760,19-May-23,319.5106,325.3013,317.6339,319.6178,8677333,"519,726,656.00",2773430083
600760,22-May-23,319.6178,322.9958,315.2747,318.6527,6939840,"412,604,544.00",2211398754
600760,23-May-23,319.028,319.2961,310.9853,311.307,8824270,"515,330,032.00",2747057021
600760,24-May-23,309.3767,316.1326,307.232,310.9853,7491539,"435,556,640.00",2329758503
600760,25-May-23,310.0738,320.0467,309.1623,316.1862,8024716,"473,272,176.00",2537304458
